Additional_Information,Name,Type,Class,Genus,Species,Sample_ID,Owner,Reference,Nitrogen_pct,Carbon_pct,Cellulose_pct,Lignin_pct,Water_Content_pct,LMA_gm2,Leaf_Thickness_mm
TRUE,Baccharis pilularis 1,vegetation,Shrub,Baccharis,pilularis,VH001,UCSB,Meerdink; Roberts; King; Roth; Dennison; Amaral; & Hook (2016). Linking seasonal foliar traits to VSWIR-TIR spectroscopy across California ecosystems. Remote Sensing of Environment; 186; 322-338.,3.09,51.14,12.87,9.28,76.85,34.7,0.22
TRUE,Baccharis pilularis 1,vegetation,Shrub,Baccharis,pilularis,VH002,UCSB,Meerdink; Roberts; King; Roth; Dennison; Amaral; & Hook (2016). Linking seasonal foliar traits to VSWIR-TIR spectroscopy across California ecosystems. Remote Sensing of Environment; 186; 322-338.,2.93,52.89,7.04,11.03,72.92,38.64,0.22
TRUE,Baccharis pilularis 2,vegetation,Shrub,Baccharis,pilularis,VH003,UCSB,Meerdink; Roberts; King; Roth; Dennison; Amaral; & Hook (2016). Linking seasonal foliar traits to VSWIR-TIR spectroscopy across California ecosystems. Remote Sensing of Environment; 186; 322-338.,3.6,49.22,13.27,7.43,71.91,59.44,0.19
TRUE,Baccharis pilularis 2,vegetation,Shrub,Baccharis,pilularis,VH004,UCSB,Meerdink; Roberts; King; Roth; Dennison; Amaral; & Hook (2016). Linking seasonal foliar traits to VSWIR-TIR spectroscopy across California ecosystems. Remote Sensing of Environment; 186; 322-338.,3.33,52.34,9.42,10.66,71.72,39.2,0.21
TRUE,Baccharis pilularis 3,vegetation,Shrub,Baccharis,pilularis,VH005,UCSB,Meerdink; Roberts; King; Roth; Dennison; Amaral; & Hook (2016). Linking seasonal foliar traits to VSWIR-TIR spectroscopy across California ecosystems. Remote Sensing of Environment; 186; 322-338.,3.17,48.97,9.93,12.03,74.68,36.98,0.2
TRUE,Baccharis pilularis 3,vegetation,Shrub,Baccharis,pilularis,VH006,UCSB,Meerdink; Roberts; King; Roth; Dennison; Amaral; & Hook (2016). Linking seasonal foliar traits to VSWIR-TIR spectroscopy across California ecosystems. Remote Sensing of Environment; 186; 322-338.,3.29,51.63,8,10.3,75.35,38.59,0.2
TRUE,Ceanothus spinosus 1,vegetation,Shrub,Ceanothus,spinosus,VH007,UCSB,Meerdink; Roberts; King; Roth; Dennison; Amaral; & Hook (2016). Linking seasonal foliar traits to VSWIR-TIR spectroscopy across California ecosystems. Remote Sensing of Environment; 186; 322-338.,1.68,49.48,4.43,3.32,55.65,102.1,0.28
TRUE,Ceanothus spinosus 1,vegetation,Shrub,Ceanothus,spinosus,VH008,UCSB,Meerdink; Roberts; King; Roth; Dennison; Amaral; & Hook (2016). Linking seasonal foliar traits to VSWIR-TIR spectroscopy across California ecosystems. Remote Sensing of Environment; 186; 322-338.,1.69,42.48,4.93,3.07,53.66,83.62,0.23
TRUE,Ceanothus spinosus 2,vegetation,Shrub,Ceanothus,spinosus,VH009,UCSB,Meerdink; Roberts; King; Roth; Dennison; Amaral; & Hook (2016). Linking seasonal foliar traits to VSWIR-TIR spectroscopy across California ecosystems. Remote Sensing of Environment; 186; 322-338.,1.35,46.71,4.19,2.69,58.33,113.6,0.31
TRUE,Ceanothus spinosus 2,vegetation,Shrub,Ceanothus,spinosus,VH010,UCSB,Meerdink; Roberts; King; Roth; Dennison; Amaral; & Hook (2016). Linking seasonal foliar traits to VSWIR-TIR spectroscopy across California ecosystems. Remote Sensing of Environment; 186; 322-338.,1.89,47.77,5.7,2.9,57.66,83.29,0.22
TRUE,Ceanothus spinosus 3,vegetation,Shrub,Ceanothus,spinosus,VH011,UCSB,Meerdink; Roberts; King; Roth; Dennison; Amaral; & Hook (2016). Linking seasonal foliar traits to VSWIR-TIR spectroscopy across California ecosystems. Remote Sensing of Environment; 186; 322-338.,1.82,46.16,6.08,2.99,60.47,88.38,0.25
TRUE,Ceanothus spinosus 3,vegetation,Shrub,Ceanothus,spinosus,VH012,UCSB,Meerdink; Roberts; King; Roth; Dennison; Amaral; & Hook (2016). Linking seasonal foliar traits to VSWIR-TIR spectroscopy across California ecosystems. Remote Sensing of Environment; 186; 322-338.,2,38.69,5.87,2.89,57.98,64.89,0.23
TRUE,Heteromeles arbutifolia 1,vegetation,Shrub,Heteromeles,arbutifolia,VH013,UCSB,Meerdink; Roberts; King; Roth; Dennison; Amaral; & Hook (2016). Linking seasonal foliar traits to VSWIR-TIR spectroscopy across California ecosystems. Remote Sensing of Environment; 186; 322-338.,1.24,48.37,10.55,10.93,50.44,176.12,0.3
TRUE,Heteromeles arbutifolia 1,vegetation,Shrub,Heteromeles,arbutifolia,VH014,UCSB,Meerdink; Roberts; King; Roth; Dennison; Amaral; & Hook (2016). Linking seasonal foliar traits to VSWIR-TIR spectroscopy across California ecosystems. Remote Sensing of Environment; 186; 322-338.,1.28,49.32,8.63,10.71,48.59,191.08,0.3
TRUE,Heteromeles arbutifolia 2,vegetation,Shrub,Heteromeles,arbutifolia,VH015,UCSB,Meerdink; Roberts; King; Roth; Dennison; Amaral; & Hook (2016). Linking seasonal foliar traits to VSWIR-TIR spectroscopy across California ecosystems. Remote Sensing of Environment; 186; 322-338.,1.33,49.48,14.04,10.15,54.41,120.79,0.33
TRUE,Heteromeles arbutifolia 2,vegetation,Shrub,Heteromeles,arbutifolia,VH016,UCSB,Meerdink; Roberts; King; Roth; Dennison; Amaral; & Hook (2016). Linking seasonal foliar traits to VSWIR-TIR spectroscopy across California ecosystems. Remote Sensing of Environment; 186; 322-338.,1.42,50.91,11.19,11.97,53.85,106.4,0.3
TRUE,Heteromeles arbutifolia 3,vegetation,Shrub,Heteromeles,arbutifolia,VH017,UCSB,Meerdink; Roberts; King; Roth; Dennison; Amaral; & Hook (2016). Linking seasonal foliar traits to VSWIR-TIR spectroscopy across California ecosystems. Remote Sensing of Environment; 186; 322-338.,1.2,52.18,10.4,9.64,50.31,220.51,0.28
TRUE,Heteromeles arbutifolia 3,vegetation,Shrub,Heteromeles,arbutifolia,VH018,UCSB,Meerdink; Roberts; King; Roth; Dennison; Amaral; & Hook (2016). Linking seasonal foliar traits to VSWIR-TIR spectroscopy across California ecosystems. Remote Sensing of Environment; 186; 322-338.,2.02,49.27,9.2,11.81,61.21,89.16,0.23
TRUE,Ceanothus megacarpus 1,vegetation,Shrub,Ceanothus,megacarpus,VH019,UCSB,Meerdink; Roberts; King; Roth; Dennison; Amaral; & Hook (2016). Linking seasonal foliar traits to VSWIR-TIR spectroscopy across California ecosystems. Remote Sensing of Environment; 186; 322-338.,1.44,43.77,5.76,5.35,54.91,191.45,0.37
TRUE,Ceanothus megacarpus 1,vegetation,Shrub,Ceanothus,megacarpus,VH020,UCSB,Meerdink; Roberts; King; Roth; Dennison; Amaral; & Hook (2016). Linking seasonal foliar traits to VSWIR-TIR spectroscopy across California ecosystems. Remote Sensing of Environment; 186; 322-338.,1.95,48.77,8.42,6.95,56.96,174.66,0.47
TRUE,Ceanothus megacarpus 2,vegetation,Shrub,Ceanothus,megacarpus,VH021,UCSB,Meerdink; Roberts; King; Roth; Dennison; Amaral; & Hook (2016). Linking seasonal foliar traits to VSWIR-TIR spectroscopy across California ecosystems. Remote Sensing of Environment; 186; 322-338.,1.07,39.48,4.99,4.8,52.94,253.28,0.6
TRUE,Ceanothus megacarpus 2,vegetation,Shrub,Ceanothus,megacarpus,VH022,UCSB,Meerdink; Roberts; King; Roth; Dennison; Amaral; & Hook (2016). Linking seasonal foliar traits to VSWIR-TIR spectroscopy across California ecosystems. Remote Sensing of Environment; 186; 322-338.,1.5,50.38,6.88,5.56,54.55,179.85,0.36
TRUE,Ceanothus megacarpus 3,vegetation,Shrub,Ceanothus,megacarpus,VH023,UCSB,Meerdink; Roberts; King; Roth; Dennison; Amaral; & Hook (2016). Linking seasonal foliar traits to VSWIR-TIR spectroscopy across California ecosystems. Remote Sensing of Environment; 186; 322-338.,1.51,48.43,5.92,4.63,56.76,209.53,0.44
TRUE,Ceanothus megacarpus 3,vegetation,Shrub,Ceanothus,megacarpus,VH024,UCSB,Meerdink; Roberts; King; Roth; Dennison; Amaral; & Hook (2016). Linking seasonal foliar traits to VSWIR-TIR spectroscopy across California ecosystems. Remote Sensing of Environment; 186; 322-338.,1.76,46.09,7.38,5.74,58.68,173.73,0.41
TRUE,Umbellularia californica 1,vegetation,Shrub,Umbellularia,californica,VH025,UCSB,Meerdink; Roberts; King; Roth; Dennison; Amaral; & Hook (2016). Linking seasonal foliar traits to VSWIR-TIR spectroscopy across California ecosystems. Remote Sensing of Environment; 186; 322-338.,1.97,53.52,10.51,11.11,52.71,90.64,0.18
TRUE,Umbellularia californica 1,vegetation,Shrub,Umbellularia,californica,VH026,UCSB,Meerdink; Roberts; King; Roth; Dennison; Amaral; & Hook (2016). Linking seasonal foliar traits to VSWIR-TIR spectroscopy across California ecosystems. Remote Sensing of Environment; 186; 322-338.,2.19,51.57,9.23,11.94,51.09,98.16,0.23
TRUE,Umbellularia californica 2,vegetation,Shrub,Umbellularia,californica,VH027,UCSB,Meerdink; Roberts; King; Roth; Dennison; Amaral; & Hook (2016). Linking seasonal foliar traits to VSWIR-TIR spectroscopy across California ecosystems. Remote Sensing of Environment; 186; 322-338.,2.07,50.34,10.51,10.51,51.49,97.83,0.19
TRUE,Umbellularia californica 2,vegetation,Shrub,Umbellularia,californica,VH028,UCSB,Meerdink; Roberts; King; Roth; Dennison; Amaral; & Hook (2016). Linking seasonal foliar traits to VSWIR-TIR spectroscopy across California ecosystems. Remote Sensing of Environment; 186; 322-338.,2.56,56.28,9.37,10.75,49.13,118.78,0.26
TRUE,Umbellularia californica 3,vegetation,Shrub,Umbellularia,californica,VH029,UCSB,Meerdink; Roberts; King; Roth; Dennison; Amaral; & Hook (2016). Linking seasonal foliar traits to VSWIR-TIR spectroscopy across California ecosystems. Remote Sensing of Environment; 186; 322-338.,1.85,51.54,9.25,12.12,51.63,110,0.18
TRUE,Umbellularia californica 3,vegetation,Shrub,Umbellularia,californica,VH030,UCSB,Meerdink; Roberts; King; Roth; Dennison; Amaral; & Hook (2016). Linking seasonal foliar traits to VSWIR-TIR spectroscopy across California ecosystems. Remote Sensing of Environment; 186; 322-338.,2.46,54.44,8.79,10.64,46.9,105.29,0.2
TRUE,Baccharis pilularis 1,vegetation,Shrub,Baccharis,pilularis,VH031,UCSB,Meerdink; Roberts; King; Roth; Dennison; Amaral; & Hook (2016). Linking seasonal foliar traits to VSWIR-TIR spectroscopy across California ecosystems. Remote Sensing of Environment; 186; 322-338.,1.02,48.56,7.84,5.85,50.76,164.12,1
TRUE,Baccharis pilularis 1,vegetation,Shrub,Baccharis,pilularis,VH032,UCSB,Meerdink; Roberts; King; Roth; Dennison; Amaral; & Hook (2016). Linking seasonal foliar traits to VSWIR-TIR spectroscopy across California ecosystems. Remote Sensing of Environment; 186; 322-338.,2.37,49.16,9.78,5.72,69.18,200.49,0.77
TRUE,Adenostoma fasciculatum 1,vegetation,Shrub,Adenostoma,fasciculatum,VH033,UCSB,Meerdink; Roberts; King; Roth; Dennison; Amaral; & Hook (2016). Linking seasonal foliar traits to VSWIR-TIR spectroscopy across California ecosystems. Remote Sensing of Environment; 186; 322-338.,1.23,50.81,8.09,10.91,54.89,NA,0.74
TRUE,Adenostoma fasciculatum 1,vegetation,Shrub,Adenostoma,fasciculatum,VH034,UCSB,Meerdink; Roberts; King; Roth; Dennison; Amaral; & Hook (2016). Linking seasonal foliar traits to VSWIR-TIR spectroscopy across California ecosystems. Remote Sensing of Environment; 186; 322-338.,2.28,49.82,8.79,11.62,74.13,NA,0.48
TRUE,Arctostaphylos glandulosa 1,vegetation,Shrub,Arctostaphylos,glandulosa,VH035,UCSB,Meerdink; Roberts; King; Roth; Dennison; Amaral; & Hook (2016). Linking seasonal foliar traits to VSWIR-TIR spectroscopy across California ecosystems. Remote Sensing of Environment; 186; 322-338.,0.79,52.54,6.58,10.75,46.12,214.03,0.47
TRUE,Arctostaphylos glandulosa 1,vegetation,Shrub,Arctostaphylos,glandulosa,VH036,UCSB,Meerdink; Roberts; King; Roth; Dennison; Amaral; & Hook (2016). Linking seasonal foliar traits to VSWIR-TIR spectroscopy across California ecosystems. Remote Sensing of Environment; 186; 322-338.,0.68,49.11,6.57,10.53,46.22,172.24,0.44
TRUE,Arctostaphylos glandulosa 2,vegetation,Shrub,Arctostaphylos,glandulosa,VH037,UCSB,Meerdink; Roberts; King; Roth; Dennison; Amaral; & Hook (2016). Linking seasonal foliar traits to VSWIR-TIR spectroscopy across California ecosystems. Remote Sensing of Environment; 186; 322-338.,0.79,51.98,6.14,10.56,45.82,203.02,0.46
TRUE,Arctostaphylos glandulosa 2,vegetation,Shrub,Arctostaphylos,glandulosa,VH038,UCSB,Meerdink; Roberts; King; Roth; Dennison; Amaral; & Hook (2016). Linking seasonal foliar traits to VSWIR-TIR spectroscopy across California ecosystems. Remote Sensing of Environment; 186; 322-338.,0.62,48.55,6.49,11.15,48.61,164.43,0.48
TRUE,Arctostaphylos glandulosa 3,vegetation,Shrub,Arctostaphylos,glandulosa,VH039,UCSB,Meerdink; Roberts; King; Roth; Dennison; Amaral; & Hook (2016). Linking seasonal foliar traits to VSWIR-TIR spectroscopy across California ecosystems. Remote Sensing of Environment; 186; 322-338.,0.59,49.35,7.24,10.48,46.67,256.92,0.56
TRUE,Arctostaphylos glandulosa 3,vegetation,Shrub,Arctostaphylos,glandulosa,VH040,UCSB,Meerdink; Roberts; King; Roth; Dennison; Amaral; & Hook (2016). Linking seasonal foliar traits to VSWIR-TIR spectroscopy across California ecosystems. Remote Sensing of Environment; 186; 322-338.,0.65,51.99,7.65,11.33,44.34,142.04,0.51
TRUE,Adenostoma fasciculatum 2,vegetation,Shrub,Adenostoma,fasciculatum,VH041,UCSB,Meerdink; Roberts; King; Roth; Dennison; Amaral; & Hook (2016). Linking seasonal foliar traits to VSWIR-TIR spectroscopy across California ecosystems. Remote Sensing of Environment; 186; 322-338.,1.08,46.25,8.74,11.79,51.61,NA,0.7
TRUE,Adenostoma fasciculatum 2,vegetation,Shrub,Adenostoma,fasciculatum,VH042,UCSB,Meerdink; Roberts; King; Roth; Dennison; Amaral; & Hook (2016). Linking seasonal foliar traits to VSWIR-TIR spectroscopy across California ecosystems. Remote Sensing of Environment; 186; 322-338.,1.92,45.41,10.59,10.32,65.19,NA,0.47
TRUE,Adenostoma fasciculatum 3,vegetation,Shrub,Adenostoma,fasciculatum,VH043,UCSB,Meerdink; Roberts; King; Roth; Dennison; Amaral; & Hook (2016). Linking seasonal foliar traits to VSWIR-TIR spectroscopy across California ecosystems. Remote Sensing of Environment; 186; 322-338.,1.13,48.72,9.56,11.98,52.38,NA,0.48
TRUE,Adenostoma fasciculatum 3,vegetation,Shrub,Adenostoma,fasciculatum,VH044,UCSB,Meerdink; Roberts; King; Roth; Dennison; Amaral; & Hook (2016). Linking seasonal foliar traits to VSWIR-TIR spectroscopy across California ecosystems. Remote Sensing of Environment; 186; 322-338.,1.62,50.51,9.18,11.59,64.92,NA,0.61
TRUE,Baccharis pilularis 2,vegetation,Shrub,Baccharis,pilularis,VH045,UCSB,Meerdink; Roberts; King; Roth; Dennison; Amaral; & Hook (2016). Linking seasonal foliar traits to VSWIR-TIR spectroscopy across California ecosystems. Remote Sensing of Environment; 186; 322-338.,1.1,48.24,7.18,6.77,49.36,388.91,0.96
TRUE,Baccharis pilularis 2,vegetation,Shrub,Baccharis,pilularis,VH046,UCSB,Meerdink; Roberts; King; Roth; Dennison; Amaral; & Hook (2016). Linking seasonal foliar traits to VSWIR-TIR spectroscopy across California ecosystems. Remote Sensing of Environment; 186; 322-338.,1.77,45.38,9.04,6.84,61.49,201.83,0.48
TRUE,Baccharis pilularis 3,vegetation,Shrub,Baccharis,pilularis,VH047,UCSB,Meerdink; Roberts; King; Roth; Dennison; Amaral; & Hook (2016). Linking seasonal foliar traits to VSWIR-TIR spectroscopy across California ecosystems. Remote Sensing of Environment; 186; 322-338.,0.98,48.87,5.89,6.71,47.12,368.5,0.68
TRUE,Baccharis pilularis 3,vegetation,Shrub,Baccharis,pilularis,VH048,UCSB,Meerdink; Roberts; King; Roth; Dennison; Amaral; & Hook (2016). Linking seasonal foliar traits to VSWIR-TIR spectroscopy across California ecosystems. Remote Sensing of Environment; 186; 322-338.,1.37,47.79,6.75,7.14,50.94,265.16,0.63
TRUE,Calocedrus decrruens 1,vegetation,Tree,Calocedrus,decurrens,VH049,UCSB,Meerdink; Roberts; King; Roth; Dennison; Amaral; & Hook (2016). Linking seasonal foliar traits to VSWIR-TIR spectroscopy across California ecosystems. Remote Sensing of Environment; 186; 322-338.,0.72,49.2,11,10.62,46.86,146.95,0.6
TRUE,Calocedrus decrruens 1,vegetation,Tree,Calocedrus,decurrens,VH050,UCSB,Meerdink; Roberts; King; Roth; Dennison; Amaral; & Hook (2016). Linking seasonal foliar traits to VSWIR-TIR spectroscopy across California ecosystems. Remote Sensing of Environment; 186; 322-338.,1.19,51.72,12.4,10.89,50.81,271.49,0.72
TRUE,Pinus lambertiana 1,vegetation,Tree,Pinus,lambertiana,VH051,UCSB,Meerdink; Roberts; King; Roth; Dennison; Amaral; & Hook (2016). Linking seasonal foliar traits to VSWIR-TIR spectroscopy across California ecosystems. Remote Sensing of Environment; 186; 322-338.,0.91,48.83,16.44,9.66,48.8,314.57,0.41
TRUE,Pinus lambertiana 1,vegetation,Tree,Pinus,lambertiana,VH052,UCSB,Meerdink; Roberts; King; Roth; Dennison; Amaral; & Hook (2016). Linking seasonal foliar traits to VSWIR-TIR spectroscopy across California ecosystems. Remote Sensing of Environment; 186; 322-338.,1.05,48.35,18.73,9.72,54.85,287.48,0.69
TRUE,Abies concolor 1,vegetation,Tree,Abies,concolor,VH053,UCSB,Meerdink; Roberts; King; Roth; Dennison; Amaral; & Hook (2016). Linking seasonal foliar traits to VSWIR-TIR spectroscopy across California ecosystems. Remote Sensing of Environment; 186; 322-338.,0.8,45.36,10.68,8.59,48.45,361.12,0.5
TRUE,Abies concolor 1,vegetation,Tree,Abies,concolor,VH054,UCSB,Meerdink; Roberts; King; Roth; Dennison; Amaral; & Hook (2016). Linking seasonal foliar traits to VSWIR-TIR spectroscopy across California ecosystems. Remote Sensing of Environment; 186; 322-338.,0.88,47.77,12.77,10.88,55.67,308.28,0.58
TRUE,Calocedrus decrruens 2,vegetation,Tree,Calocedrus,decurrens,VH055,UCSB,Meerdink; Roberts; King; Roth; Dennison; Amaral; & Hook (2016). Linking seasonal foliar traits to VSWIR-TIR spectroscopy across California ecosystems. Remote Sensing of Environment; 186; 322-338.,0.72,51.49,13.13,12.75,45.05,333.63,0.59
TRUE,Calocedrus decrruens 2,vegetation,Tree,Calocedrus,decurrens,VH056,UCSB,Meerdink; Roberts; King; Roth; Dennison; Amaral; & Hook (2016). Linking seasonal foliar traits to VSWIR-TIR spectroscopy across California ecosystems. Remote Sensing of Environment; 186; 322-338.,1.02,49.84,15.46,12.23,50.46,310.42,0.57
TRUE,Pinus ponderosa 1,vegetation,Tree,Pinus,ponderosa,VH057,UCSB,Meerdink; Roberts; King; Roth; Dennison; Amaral; & Hook (2016). Linking seasonal foliar traits to VSWIR-TIR spectroscopy across California ecosystems. Remote Sensing of Environment; 186; 322-338.,1.08,50.51,19.2,11.99,47.98,229.38,0.82
TRUE,Pinus ponderosa 1,vegetation,Tree,Pinus,ponderosa,VH058,UCSB,Meerdink; Roberts; King; Roth; Dennison; Amaral; & Hook (2016). Linking seasonal foliar traits to VSWIR-TIR spectroscopy across California ecosystems. Remote Sensing of Environment; 186; 322-338.,1.08,50.1,20.56,12.58,51.23,212.96,0.71
TRUE,Calocedrus decrruens 3,vegetation,Tree,Calocedrus,decurrens,VH059,UCSB,Meerdink; Roberts; King; Roth; Dennison; Amaral; & Hook (2016). Linking seasonal foliar traits to VSWIR-TIR spectroscopy across California ecosystems. Remote Sensing of Environment; 186; 322-338.,0.73,51.41,11.79,11.21,45.11,387.12,0.64
TRUE,Calocedrus decrruens 3,vegetation,Tree,Calocedrus,decurrens,VH060,UCSB,Meerdink; Roberts; King; Roth; Dennison; Amaral; & Hook (2016). Linking seasonal foliar traits to VSWIR-TIR spectroscopy across California ecosystems. Remote Sensing of Environment; 186; 322-338.,1.45,50.9,12.45,11.02,49.05,278.91,0.57
TRUE,Pinus ponderosa 2,vegetation,Tree,Pinus,ponderosa,VH061,UCSB,Meerdink; Roberts; King; Roth; Dennison; Amaral; & Hook (2016). Linking seasonal foliar traits to VSWIR-TIR spectroscopy across California ecosystems. Remote Sensing of Environment; 186; 322-338.,1.13,50.03,20.84,13.21,47.61,187.1,0.69
TRUE,Pinus ponderosa 2,vegetation,Tree,Pinus,ponderosa,VH062,UCSB,Meerdink; Roberts; King; Roth; Dennison; Amaral; & Hook (2016). Linking seasonal foliar traits to VSWIR-TIR spectroscopy across California ecosystems. Remote Sensing of Environment; 186; 322-338.,0.98,51.1,20.56,11.63,49.16,195.56,0.78
TRUE,Abies concolor 2,vegetation,Tree,Abies,concolor,VH063,UCSB,Meerdink; Roberts; King; Roth; Dennison; Amaral; & Hook (2016). Linking seasonal foliar traits to VSWIR-TIR spectroscopy across California ecosystems. Remote Sensing of Environment; 186; 322-338.,0.92,51.7,10.98,9.45,46.73,232.29,0.64
TRUE,Abies concolor 2,vegetation,Tree,Abies,concolor,VH064,UCSB,Meerdink; Roberts; King; Roth; Dennison; Amaral; & Hook (2016). Linking seasonal foliar traits to VSWIR-TIR spectroscopy across California ecosystems. Remote Sensing of Environment; 186; 322-338.,1.2,49.15,13.91,12.45,51.7,290.03,0.65
TRUE,Pinus lambertiana 2,vegetation,Tree,Pinus,lambertiana,VH065,UCSB,Meerdink; Roberts; King; Roth; Dennison; Amaral; & Hook (2016). Linking seasonal foliar traits to VSWIR-TIR spectroscopy across California ecosystems. Remote Sensing of Environment; 186; 322-338.,0.76,46.5,16.18,9.59,47.69,241.2,0.51
TRUE,Pinus lambertiana 2,vegetation,Tree,Pinus,lambertiana,VH066,UCSB,Meerdink; Roberts; King; Roth; Dennison; Amaral; & Hook (2016). Linking seasonal foliar traits to VSWIR-TIR spectroscopy across California ecosystems. Remote Sensing of Environment; 186; 322-338.,0.98,46.31,17.86,9.94,52.66,191.65,0.67
TRUE,Pinus ponderosa 3,vegetation,Tree,Pinus,ponderosa,VH067,UCSB,Meerdink; Roberts; King; Roth; Dennison; Amaral; & Hook (2016). Linking seasonal foliar traits to VSWIR-TIR spectroscopy across California ecosystems. Remote Sensing of Environment; 186; 322-338.,1.2,49.82,17.7,10.47,48.57,190.2,0.54
TRUE,Pinus ponderosa 3,vegetation,Tree,Pinus,ponderosa,VH068,UCSB,Meerdink; Roberts; King; Roth; Dennison; Amaral; & Hook (2016). Linking seasonal foliar traits to VSWIR-TIR spectroscopy across California ecosystems. Remote Sensing of Environment; 186; 322-338.,1.31,46.2,21.51,12.23,51.3,214.89,0.68
TRUE,Pinus lambertiana 3,vegetation,Tree,Pinus,lambertiana,VH069,UCSB,Meerdink; Roberts; King; Roth; Dennison; Amaral; & Hook (2016). Linking seasonal foliar traits to VSWIR-TIR spectroscopy across California ecosystems. Remote Sensing of Environment; 186; 322-338.,0.79,47.9,18.2,10.47,49.48,336.85,0.47
TRUE,Pinus lambertiana 3,vegetation,Tree,Pinus,lambertiana,VH070,UCSB,Meerdink; Roberts; King; Roth; Dennison; Amaral; & Hook (2016). Linking seasonal foliar traits to VSWIR-TIR spectroscopy across California ecosystems. Remote Sensing of Environment; 186; 322-338.,0.9,46.13,19.57,10.77,53.94,308,0.59
TRUE,Abies concolor 3,vegetation,Tree,Abies,concolor,VH071,UCSB,Meerdink; Roberts; King; Roth; Dennison; Amaral; & Hook (2016). Linking seasonal foliar traits to VSWIR-TIR spectroscopy across California ecosystems. Remote Sensing of Environment; 186; 322-338.,0.74,49.84,12.47,10.68,50.77,224.93,0.87
TRUE,Abies concolor 3,vegetation,Tree,Abies,concolor,VH072,UCSB,Meerdink; Roberts; King; Roth; Dennison; Amaral; & Hook (2016). Linking seasonal foliar traits to VSWIR-TIR spectroscopy across California ecosystems. Remote Sensing of Environment; 186; 322-338.,0.92,49.2,15.56,11.28,54.64,302.58,0.59
TRUE,Quercus douglasii 1,vegetation,Tree,Quercus,douglasii,VH073,UCSB,Meerdink; Roberts; King; Roth; Dennison; Amaral; & Hook (2016). Linking seasonal foliar traits to VSWIR-TIR spectroscopy across California ecosystems. Remote Sensing of Environment; 186; 322-338.,2.28,42.24,14.83,8.12,56.68,83.26,0.22
TRUE,Quercus douglasii 1,vegetation,Tree,Quercus,douglasii,VH074,UCSB,Meerdink; Roberts; King; Roth; Dennison; Amaral; & Hook (2016). Linking seasonal foliar traits to VSWIR-TIR spectroscopy across California ecosystems. Remote Sensing of Environment; 186; 322-338.,2.21,47.3,14.09,7.74,56.63,79.78,0.27
TRUE,Quercus agrifolia 1,vegetation,Tree,Quercus,agrifolia,VH075,UCSB,Meerdink; Roberts; King; Roth; Dennison; Amaral; & Hook (2016). Linking seasonal foliar traits to VSWIR-TIR spectroscopy across California ecosystems. Remote Sensing of Environment; 186; 322-338.,1.25,48.37,19.29,13.84,44.12,230.03,0.35
TRUE,Quercus agrifolia 1,vegetation,Tree,Quercus,agrifolia,VH076,UCSB,Meerdink; Roberts; King; Roth; Dennison; Amaral; & Hook (2016). Linking seasonal foliar traits to VSWIR-TIR spectroscopy across California ecosystems. Remote Sensing of Environment; 186; 322-338.,2.19,49.48,14.93,11.14,61.54,97.95,0.25
TRUE,Quercus douglasii 2,vegetation,Tree,Quercus,douglasii,VH077,UCSB,Meerdink; Roberts; King; Roth; Dennison; Amaral; & Hook (2016). Linking seasonal foliar traits to VSWIR-TIR spectroscopy across California ecosystems. Remote Sensing of Environment; 186; 322-338.,2.45,45.1,15.69,6.72,56.04,88.62,0.31
TRUE,Quercus douglasii 2,vegetation,Tree,Quercus,douglasii,VH078,UCSB,Meerdink; Roberts; King; Roth; Dennison; Amaral; & Hook (2016). Linking seasonal foliar traits to VSWIR-TIR spectroscopy across California ecosystems. Remote Sensing of Environment; 186; 322-338.,2.27,47.86,15.17,6.97,56.36,105.56,0.27
TRUE,Quercus agrifolia 2,vegetation,Tree,Quercus,agrifolia,VH079,UCSB,Meerdink; Roberts; King; Roth; Dennison; Amaral; & Hook (2016). Linking seasonal foliar traits to VSWIR-TIR spectroscopy across California ecosystems. Remote Sensing of Environment; 186; 322-338.,1.29,47.14,17.77,11.75,45.45,176.21,0.3
TRUE,Quercus agrifolia 2,vegetation,Tree,Quercus,agrifolia,VH080,UCSB,Meerdink; Roberts; King; Roth; Dennison; Amaral; & Hook (2016). Linking seasonal foliar traits to VSWIR-TIR spectroscopy across California ecosystems. Remote Sensing of Environment; 186; 322-338.,1.18,45.22,18.36,10.78,45.6,235.38,0.24
TRUE,Quercus douglasii 3,vegetation,Tree,Quercus,douglasii,VH081,UCSB,Meerdink; Roberts; King; Roth; Dennison; Amaral; & Hook (2016). Linking seasonal foliar traits to VSWIR-TIR spectroscopy across California ecosystems. Remote Sensing of Environment; 186; 322-338.,2.16,44.6,10.27,4.95,62.03,79.43,0.3
TRUE,Quercus douglasii 3,vegetation,Tree,Quercus,douglasii,VH082,UCSB,Meerdink; Roberts; King; Roth; Dennison; Amaral; & Hook (2016). Linking seasonal foliar traits to VSWIR-TIR spectroscopy across California ecosystems. Remote Sensing of Environment; 186; 322-338.,2.06,41.47,11.27,4.73,61.06,86.16,0.23
TRUE,Quercus agrifolia 3,vegetation,Tree,Quercus,agrifolia,VH083,UCSB,Meerdink; Roberts; King; Roth; Dennison; Amaral; & Hook (2016). Linking seasonal foliar traits to VSWIR-TIR spectroscopy across California ecosystems. Remote Sensing of Environment; 186; 322-338.,1.19,48.33,19.6,14.03,43.57,259.19,0.32
TRUE,Quercus agrifolia 3,vegetation,Tree,Quercus,agrifolia,VH084,UCSB,Meerdink; Roberts; King; Roth; Dennison; Amaral; & Hook (2016). Linking seasonal foliar traits to VSWIR-TIR spectroscopy across California ecosystems. Remote Sensing of Environment; 186; 322-338.,1.31,48.24,19.65,13.27,43.3,241.78,0.31
TRUE,Quercus lobata 1,vegetation,Tree,Quercus,lobata,VH085,UCSB,Meerdink; Roberts; King; Roth; Dennison; Amaral; & Hook (2016). Linking seasonal foliar traits to VSWIR-TIR spectroscopy across California ecosystems. Remote Sensing of Environment; 186; 322-338.,2.21,43.48,12.54,8.69,62.35,99.66,0.25
TRUE,Quercus lobata 1,vegetation,Tree,Quercus,lobata,VH086,UCSB,Meerdink; Roberts; King; Roth; Dennison; Amaral; & Hook (2016). Linking seasonal foliar traits to VSWIR-TIR spectroscopy across California ecosystems. Remote Sensing of Environment; 186; 322-338.,2.41,50.93,13.23,7.68,60.18,86.63,0.24
TRUE,Quercus lobata 2,vegetation,Tree,Quercus,lobata,VH087,UCSB,Meerdink; Roberts; King; Roth; Dennison; Amaral; & Hook (2016). Linking seasonal foliar traits to VSWIR-TIR spectroscopy across California ecosystems. Remote Sensing of Environment; 186; 322-338.,1.94,45.12,13.39,8.65,57.05,79,0.22
TRUE,Quercus lobata 2,vegetation,Tree,Quercus,lobata,VH088,UCSB,Meerdink; Roberts; King; Roth; Dennison; Amaral; & Hook (2016). Linking seasonal foliar traits to VSWIR-TIR spectroscopy across California ecosystems. Remote Sensing of Environment; 186; 322-338.,2.12,48.7,12.55,7.13,58.2,87.06,0.21
TRUE,Quercus lobata 3,vegetation,Tree,Quercus,lobata,VH089,UCSB,Meerdink; Roberts; King; Roth; Dennison; Amaral; & Hook (2016). Linking seasonal foliar traits to VSWIR-TIR spectroscopy across California ecosystems. Remote Sensing of Environment; 186; 322-338.,2.17,47.64,13.14,9.77,58.6,99.16,0.22
TRUE,Quercus lobata 3,vegetation,Tree,Quercus,lobata,VH090,UCSB,Meerdink; Roberts; King; Roth; Dennison; Amaral; & Hook (2016). Linking seasonal foliar traits to VSWIR-TIR spectroscopy across California ecosystems. Remote Sensing of Environment; 186; 322-338.,1.94,48.36,12.58,10.36,56.35,104.97,0.29
TRUE,Salvia leucophylla 1,vegetation,Shrub,Salvia,leucophylla,VH091,UCSB,Meerdink; Roberts; King; Roth; Dennison; Amaral; & Hook (2016). Linking seasonal foliar traits to VSWIR-TIR spectroscopy across California ecosystems. Remote Sensing of Environment; 186; 322-338.,2.09,47.72,10.67,12.22,49.83,138.64,0.32
TRUE,Salvia leucophylla 1,vegetation,Shrub,Salvia,leucophylla,VH092,UCSB,Meerdink; Roberts; King; Roth; Dennison; Amaral; & Hook (2016). Linking seasonal foliar traits to VSWIR-TIR spectroscopy across California ecosystems. Remote Sensing of Environment; 186; 322-338.,2.41,51.23,9.22,14.15,51.1,97.44,0.32
TRUE,Salvia leucophylla 2,vegetation,Shrub,Salvia,leucophylla,VH093,UCSB,Meerdink; Roberts; King; Roth; Dennison; Amaral; & Hook (2016). Linking seasonal foliar traits to VSWIR-TIR spectroscopy across California ecosystems. Remote Sensing of Environment; 186; 322-338.,1.74,45.56,8.32,11.4,56.11,79.82,0.19
TRUE,Salvia leucophylla 2,vegetation,Shrub,Salvia,leucophylla,VH094,UCSB,Meerdink; Roberts; King; Roth; Dennison; Amaral; & Hook (2016). Linking seasonal foliar traits to VSWIR-TIR spectroscopy across California ecosystems. Remote Sensing of Environment; 186; 322-338.,2.21,49.79,8.57,12.37,52.19,111.02,0.35
TRUE,Salvia leucophylla 3,vegetation,Shrub,Salvia,leucophylla,VH095,UCSB,Meerdink; Roberts; King; Roth; Dennison; Amaral; & Hook (2016). Linking seasonal foliar traits to VSWIR-TIR spectroscopy across California ecosystems. Remote Sensing of Environment; 186; 322-338.,1.94,49.14,11.71,11.21,53.07,140.42,0.26
TRUE,Salvia leucophylla 3,vegetation,Shrub,Salvia,leucophylla,VH096,UCSB,Meerdink; Roberts; King; Roth; Dennison; Amaral; & Hook (2016). Linking seasonal foliar traits to VSWIR-TIR spectroscopy across California ecosystems. Remote Sensing of Environment; 186; 322-338.,2.29,55.06,9.82,14.5,52.12,111.92,0.4
TRUE,Baccharis pilularis 1,vegetation,Shrub,Baccharis,pilularis,VH097,UCSB,Meerdink; Roberts; King; Roth; Dennison; Amaral; & Hook (2016). Linking seasonal foliar traits to VSWIR-TIR spectroscopy across California ecosystems. Remote Sensing of Environment; 186; 322-338.,2.21,49.06,11.01,16.14,73.17,64.34,0.21
TRUE,Baccharis pilularis 1,vegetation,Shrub,Baccharis,pilularis,VH098,UCSB,Meerdink; Roberts; King; Roth; Dennison; Amaral; & Hook (2016). Linking seasonal foliar traits to VSWIR-TIR spectroscopy across California ecosystems. Remote Sensing of Environment; 186; 322-338.,2.19,50.68,10.85,16.28,69.08,89.02,0.19
TRUE,Baccharis pilularis 2,vegetation,Shrub,Baccharis,pilularis,VH099,UCSB,Meerdink; Roberts; King; Roth; Dennison; Amaral; & Hook (2016). Linking seasonal foliar traits to VSWIR-TIR spectroscopy across California ecosystems. Remote Sensing of Environment; 186; 322-338.,2.32,48.28,10.02,15.08,75,66.44,0.13
TRUE,Baccharis pilularis 2,vegetation,Shrub,Baccharis,pilularis,VH100,UCSB,Meerdink; Roberts; King; Roth; Dennison; Amaral; & Hook (2016). Linking seasonal foliar traits to VSWIR-TIR spectroscopy across California ecosystems. Remote Sensing of Environment; 186; 322-338.,2.06,50.06,10.6,14.78,66.67,94.53,0.2
TRUE,Baccharis pilularis 3,vegetation,Shrub,Baccharis,pilularis,VH101,UCSB,Meerdink; Roberts; King; Roth; Dennison; Amaral; & Hook (2016). Linking seasonal foliar traits to VSWIR-TIR spectroscopy across California ecosystems. Remote Sensing of Environment; 186; 322-338.,2.24,49.77,11.62,15.78,71.35,71.48,0.18
TRUE,Baccharis pilularis 3,vegetation,Shrub,Baccharis,pilularis,VH102,UCSB,Meerdink; Roberts; King; Roth; Dennison; Amaral; & Hook (2016). Linking seasonal foliar traits to VSWIR-TIR spectroscopy across California ecosystems. Remote Sensing of Environment; 186; 322-338.,1.95,48.52,11.44,15.84,68.82,80.79,0.17
TRUE,Umbellularia californica 1,vegetation,Shrub,Umbellularia,californica,VH103,UCSB,Meerdink; Roberts; King; Roth; Dennison; Amaral; & Hook (2016). Linking seasonal foliar traits to VSWIR-TIR spectroscopy across California ecosystems. Remote Sensing of Environment; 186; 322-338.,1.06,49.54,11.47,11.08,52.01,147.76,0.23
TRUE,Umbellularia californica 1,vegetation,Shrub,Umbellularia,californica,VH104,UCSB,Meerdink; Roberts; King; Roth; Dennison; Amaral; & Hook (2016). Linking seasonal foliar traits to VSWIR-TIR spectroscopy across California ecosystems. Remote Sensing of Environment; 186; 322-338.,3.6,49.45,7.45,10.44,75.3,46.66,0.16
TRUE,Umbellularia californica 2,vegetation,Shrub,Umbellularia,californica,VH105,UCSB,Meerdink; Roberts; King; Roth; Dennison; Amaral; & Hook (2016). Linking seasonal foliar traits to VSWIR-TIR spectroscopy across California ecosystems. Remote Sensing of Environment; 186; 322-338.,1.86,49.98,10.35,11.37,50.24,135.71,0.25
TRUE,Umbellularia californica 2,vegetation,Shrub,Umbellularia,californica,VH106,UCSB,Meerdink; Roberts; King; Roth; Dennison; Amaral; & Hook (2016). Linking seasonal foliar traits to VSWIR-TIR spectroscopy across California ecosystems. Remote Sensing of Environment; 186; 322-338.,3.8,50.8,8.28,11,72.89,50.81,0.17
TRUE,Umbellularia californica 3,vegetation,Shrub,Umbellularia,californica,VH107,UCSB,Meerdink; Roberts; King; Roth; Dennison; Amaral; & Hook (2016). Linking seasonal foliar traits to VSWIR-TIR spectroscopy across California ecosystems. Remote Sensing of Environment; 186; 322-338.,1.5,51.57,10.21,11.81,53.22,142.78,0.24
TRUE,Umbellularia californica 3,vegetation,Shrub,Umbellularia,californica,VH108,UCSB,Meerdink; Roberts; King; Roth; Dennison; Amaral; & Hook (2016). Linking seasonal foliar traits to VSWIR-TIR spectroscopy across California ecosystems. Remote Sensing of Environment; 186; 322-338.,3.5,51.56,8.33,12.5,72.21,67.81,0.18
TRUE,Baccharis pilularis 1,vegetation,Shrub,Baccharis,pilularis,VH109,UCSB,Meerdink; Roberts; King; Roth; Dennison; Amaral; & Hook (2016). Linking seasonal foliar traits to VSWIR-TIR spectroscopy across California ecosystems. Remote Sensing of Environment; 186; 322-338.,1.57,51.62,10.11,15.33,50.2,164.95,0.39
TRUE,Baccharis pilularis 1,vegetation,Shrub,Baccharis,pilularis,VH110,UCSB,Meerdink; Roberts; King; Roth; Dennison; Amaral; & Hook (2016). Linking seasonal foliar traits to VSWIR-TIR spectroscopy across California ecosystems. Remote Sensing of Environment; 186; 322-338.,1.74,49.88,11.56,16.37,50.56,172.42,0.45
TRUE,Adenostoma fasciculatum 1,vegetation,Shrub,Adenostoma,fasciculatum,VH111,UCSB,Meerdink; Roberts; King; Roth; Dennison; Amaral; & Hook (2016). Linking seasonal foliar traits to VSWIR-TIR spectroscopy across California ecosystems. Remote Sensing of Environment; 186; 322-338.,0.91,50.43,9.16,13.4,45.41,NA,0.54
TRUE,Adenostoma fasciculatum 1,vegetation,Shrub,Adenostoma,fasciculatum,VH112,UCSB,Meerdink; Roberts; King; Roth; Dennison; Amaral; & Hook (2016). Linking seasonal foliar traits to VSWIR-TIR spectroscopy across California ecosystems. Remote Sensing of Environment; 186; 322-338.,1.26,50.95,8.78,13.22,50.55,NA,0.44
TRUE,Adenostoma fasciculatum 2,vegetation,Shrub,Adenostoma,fasciculatum,VH113,UCSB,Meerdink; Roberts; King; Roth; Dennison; Amaral; & Hook (2016). Linking seasonal foliar traits to VSWIR-TIR spectroscopy across California ecosystems. Remote Sensing of Environment; 186; 322-338.,1.13,50.07,9.54,11.83,45.36,NA,0.62
TRUE,Adenostoma fasciculatum 2,vegetation,Shrub,Adenostoma,fasciculatum,VH114,UCSB,Meerdink; Roberts; King; Roth; Dennison; Amaral; & Hook (2016). Linking seasonal foliar traits to VSWIR-TIR spectroscopy across California ecosystems. Remote Sensing of Environment; 186; 322-338.,1.18,50.99,9.16,12.2,51.54,NA,0.53
TRUE,Adenostoma fasciculatum 3,vegetation,Shrub,Adenostoma,fasciculatum,VH115,UCSB,Meerdink; Roberts; King; Roth; Dennison; Amaral; & Hook (2016). Linking seasonal foliar traits to VSWIR-TIR spectroscopy across California ecosystems. Remote Sensing of Environment; 186; 322-338.,1.09,52.38,9.39,13.59,45.62,NA,0.51
TRUE,Adenostoma fasciculatum 3,vegetation,Shrub,Adenostoma,fasciculatum,VH116,UCSB,Meerdink; Roberts; King; Roth; Dennison; Amaral; & Hook (2016). Linking seasonal foliar traits to VSWIR-TIR spectroscopy across California ecosystems. Remote Sensing of Environment; 186; 322-338.,1.32,51.92,8.39,11.94,47.91,NA,0.56
TRUE,Arctostaphylos glandulosa 1,vegetation,Shrub,Arctostaphylos,glandulosa,VH117,UCSB,Meerdink; Roberts; King; Roth; Dennison; Amaral; & Hook (2016). Linking seasonal foliar traits to VSWIR-TIR spectroscopy across California ecosystems. Remote Sensing of Environment; 186; 322-338.,0.45,52.49,7.07,10.18,43.89,325.73,0.55
TRUE,Arctostaphylos glandulosa 1,vegetation,Shrub,Arctostaphylos,glandulosa,VH118,UCSB,Meerdink; Roberts; King; Roth; Dennison; Amaral; & Hook (2016). Linking seasonal foliar traits to VSWIR-TIR spectroscopy across California ecosystems. Remote Sensing of Environment; 186; 322-338.,1.07,52.53,6.96,14.61,61.65,123.38,0.44
TRUE,Arctostaphylos glandulosa 2,vegetation,Shrub,Arctostaphylos,glandulosa,VH119,UCSB,Meerdink; Roberts; King; Roth; Dennison; Amaral; & Hook (2016). Linking seasonal foliar traits to VSWIR-TIR spectroscopy across California ecosystems. Remote Sensing of Environment; 186; 322-338.,0.69,47.85,6.47,8.04,46.86,325.39,0.65
TRUE,Arctostaphylos glandulosa 2,vegetation,Shrub,Arctostaphylos,glandulosa,VH120,UCSB,Meerdink; Roberts; King; Roth; Dennison; Amaral; & Hook (2016). Linking seasonal foliar traits to VSWIR-TIR spectroscopy across California ecosystems. Remote Sensing of Environment; 186; 322-338.,0.96,54.34,6.82,11.67,61.58,121.57,0.42
TRUE,Arctostaphylos glandulosa 3,vegetation,Shrub,Arctostaphylos,glandulosa,VH121,UCSB,Meerdink; Roberts; King; Roth; Dennison; Amaral; & Hook (2016). Linking seasonal foliar traits to VSWIR-TIR spectroscopy across California ecosystems. Remote Sensing of Environment; 186; 322-338.,0.74,51.94,5.54,8.91,45.94,336.14,0.65
TRUE,Arctostaphylos glandulosa 3,vegetation,Shrub,Arctostaphylos,glandulosa,VH122,UCSB,Meerdink; Roberts; King; Roth; Dennison; Amaral; & Hook (2016). Linking seasonal foliar traits to VSWIR-TIR spectroscopy across California ecosystems. Remote Sensing of Environment; 186; 322-338.,0.95,52.75,6.39,14.52,58.33,120.6,0.34
TRUE,Baccharis pilularis 2,vegetation,Shrub,Baccharis,pilularis,VH123,UCSB,Meerdink; Roberts; King; Roth; Dennison; Amaral; & Hook (2016). Linking seasonal foliar traits to VSWIR-TIR spectroscopy across California ecosystems. Remote Sensing of Environment; 186; 322-338.,1.64,47.32,10.23,12.39,52.05,154.33,0.43
TRUE,Baccharis pilularis 2,vegetation,Shrub,Baccharis,pilularis,VH124,UCSB,Meerdink; Roberts; King; Roth; Dennison; Amaral; & Hook (2016). Linking seasonal foliar traits to VSWIR-TIR spectroscopy across California ecosystems. Remote Sensing of Environment; 186; 322-338.,1.57,52.76,10.57,16.66,55.31,147.75,0.37
TRUE,Baccharis pilularis 3,vegetation,Shrub,Baccharis,pilularis,VH125,UCSB,Meerdink; Roberts; King; Roth; Dennison; Amaral; & Hook (2016). Linking seasonal foliar traits to VSWIR-TIR spectroscopy across California ecosystems. Remote Sensing of Environment; 186; 322-338.,2.61,51.21,10.83,13.61,53.23,156.97,0.34
TRUE,Baccharis pilularis 3,vegetation,Shrub,Baccharis,pilularis,VH126,UCSB,Meerdink; Roberts; King; Roth; Dennison; Amaral; & Hook (2016). Linking seasonal foliar traits to VSWIR-TIR spectroscopy across California ecosystems. Remote Sensing of Environment; 186; 322-338.,3.39,50.18,13.1,16.7,56.87,117.45,0.32
TRUE,Ceanothus spinosus 1,vegetation,Shrub,Ceanothus,spinosus,VH127,UCSB,Meerdink; Roberts; King; Roth; Dennison; Amaral; & Hook (2016). Linking seasonal foliar traits to VSWIR-TIR spectroscopy across California ecosystems. Remote Sensing of Environment; 186; 322-338.,1.69,43.79,5.25,3.42,47.27,111.25,0.17
TRUE,Ceanothus spinosus 1,vegetation,Shrub,Ceanothus,spinosus,VH128,UCSB,Meerdink; Roberts; King; Roth; Dennison; Amaral; & Hook (2016). Linking seasonal foliar traits to VSWIR-TIR spectroscopy across California ecosystems. Remote Sensing of Environment; 186; 322-338.,1.87,49.95,5.05,3.33,49.83,99.48,0.23
TRUE,Ceanothus spinosus 2,vegetation,Shrub,Ceanothus,spinosus,VH129,UCSB,Meerdink; Roberts; King; Roth; Dennison; Amaral; & Hook (2016). Linking seasonal foliar traits to VSWIR-TIR spectroscopy across California ecosystems. Remote Sensing of Environment; 186; 322-338.,1.5,47.92,4.43,3.19,51.16,121.87,0.28
TRUE,Ceanothus spinosus 2,vegetation,Shrub,Ceanothus,spinosus,VH130,UCSB,Meerdink; Roberts; King; Roth; Dennison; Amaral; & Hook (2016). Linking seasonal foliar traits to VSWIR-TIR spectroscopy across California ecosystems. Remote Sensing of Environment; 186; 322-338.,1.59,36.19,5.2,2.7,49.49,93.32,0.37
TRUE,Ceanothus spinosus 3,vegetation,Shrub,Ceanothus,spinosus,VH131,UCSB,Meerdink; Roberts; King; Roth; Dennison; Amaral; & Hook (2016). Linking seasonal foliar traits to VSWIR-TIR spectroscopy across California ecosystems. Remote Sensing of Environment; 186; 322-338.,1.75,39.72,5.36,2.59,50.67,91.73,0.22
TRUE,Ceanothus spinosus 3,vegetation,Shrub,Ceanothus,spinosus,VH132,UCSB,Meerdink; Roberts; King; Roth; Dennison; Amaral; & Hook (2016). Linking seasonal foliar traits to VSWIR-TIR spectroscopy across California ecosystems. Remote Sensing of Environment; 186; 322-338.,1.56,47.55,5.42,2.91,48.85,78.13,0.18
TRUE,Heteromeles arbutifolia 1,vegetation,Shrub,Heteromeles,arbutifolia,VH133,UCSB,Meerdink; Roberts; King; Roth; Dennison; Amaral; & Hook (2016). Linking seasonal foliar traits to VSWIR-TIR spectroscopy across California ecosystems. Remote Sensing of Environment; 186; 322-338.,1.07,49.35,12.63,10.29,56.23,191.71,0.35
TRUE,Heteromeles arbutifolia 1,vegetation,Shrub,Heteromeles,arbutifolia,VH134,UCSB,Meerdink; Roberts; King; Roth; Dennison; Amaral; & Hook (2016). Linking seasonal foliar traits to VSWIR-TIR spectroscopy across California ecosystems. Remote Sensing of Environment; 186; 322-338.,1.85,48.97,9.81,10.96,66.58,84.61,0.44
TRUE,Heteromeles arbutifolia 2,vegetation,Shrub,Heteromeles,arbutifolia,VH135,UCSB,Meerdink; Roberts; King; Roth; Dennison; Amaral; & Hook (2016). Linking seasonal foliar traits to VSWIR-TIR spectroscopy across California ecosystems. Remote Sensing of Environment; 186; 322-338.,1.22,50.67,10.21,10.72,53.96,133.85,0.33
TRUE,Heteromeles arbutifolia 2,vegetation,Shrub,Heteromeles,arbutifolia,VH136,UCSB,Meerdink; Roberts; King; Roth; Dennison; Amaral; & Hook (2016). Linking seasonal foliar traits to VSWIR-TIR spectroscopy across California ecosystems. Remote Sensing of Environment; 186; 322-338.,1.39,49.64,8.48,10.28,59.04,143.74,0.27
TRUE,Heteromeles arbutifolia 3,vegetation,Shrub,Heteromeles,arbutifolia,VH137,UCSB,Meerdink; Roberts; King; Roth; Dennison; Amaral; & Hook (2016). Linking seasonal foliar traits to VSWIR-TIR spectroscopy across California ecosystems. Remote Sensing of Environment; 186; 322-338.,0.78,50.86,9.4,10.9,53.24,195.42,0.36
TRUE,Heteromeles arbutifolia 3,vegetation,Shrub,Heteromeles,arbutifolia,VH138,UCSB,Meerdink; Roberts; King; Roth; Dennison; Amaral; & Hook (2016). Linking seasonal foliar traits to VSWIR-TIR spectroscopy across California ecosystems. Remote Sensing of Environment; 186; 322-338.,1.18,46,9.76,11.23,56.34,156.77,0.32
TRUE,Ceanothus megacarpus 1,vegetation,Shrub,Ceanothus,megacarpus,VH139,UCSB,Meerdink; Roberts; King; Roth; Dennison; Amaral; & Hook (2016). Linking seasonal foliar traits to VSWIR-TIR spectroscopy across California ecosystems. Remote Sensing of Environment; 186; 322-338.,1.12,43.39,5.32,5.81,45.31,285.22,0.51
TRUE,Ceanothus megacarpus 1,vegetation,Shrub,Ceanothus,megacarpus,VH140,UCSB,Meerdink; Roberts; King; Roth; Dennison; Amaral; & Hook (2016). Linking seasonal foliar traits to VSWIR-TIR spectroscopy across California ecosystems. Remote Sensing of Environment; 186; 322-338.,1.28,50.83,6.17,6.84,45.84,228.55,0.54
TRUE,Ceanothus megacarpus 2,vegetation,Shrub,Ceanothus,megacarpus,VH141,UCSB,Meerdink; Roberts; King; Roth; Dennison; Amaral; & Hook (2016). Linking seasonal foliar traits to VSWIR-TIR spectroscopy across California ecosystems. Remote Sensing of Environment; 186; 322-338.,1.16,39.54,6.05,5.44,44.94,274.93,0.5
TRUE,Ceanothus megacarpus 2,vegetation,Shrub,Ceanothus,megacarpus,VH142,UCSB,Meerdink; Roberts; King; Roth; Dennison; Amaral; & Hook (2016). Linking seasonal foliar traits to VSWIR-TIR spectroscopy across California ecosystems. Remote Sensing of Environment; 186; 322-338.,1.53,49.32,6.52,6.13,43.99,258.05,0.45
TRUE,Ceanothus megacarpus 3,vegetation,Shrub,Ceanothus,megacarpus,VH143,UCSB,Meerdink; Roberts; King; Roth; Dennison; Amaral; & Hook (2016). Linking seasonal foliar traits to VSWIR-TIR spectroscopy across California ecosystems. Remote Sensing of Environment; 186; 322-338.,1.4,51.76,4.92,4.13,45.17,315.46,0.64
TRUE,Ceanothus megacarpus 3,vegetation,Shrub,Ceanothus,megacarpus,VH144,UCSB,Meerdink; Roberts; King; Roth; Dennison; Amaral; & Hook (2016). Linking seasonal foliar traits to VSWIR-TIR spectroscopy across California ecosystems. Remote Sensing of Environment; 186; 322-338.,0.94,45.89,5.33,4.95,43.83,305.81,0.49
TRUE,Calocedrus decrruens 1,vegetation,Tree,Calocedrus,decurrens,VH145,UCSB,Meerdink; Roberts; King; Roth; Dennison; Amaral; & Hook (2016). Linking seasonal foliar traits to VSWIR-TIR spectroscopy across California ecosystems. Remote Sensing of Environment; 186; 322-338.,0.8,50.53,10.45,11.04,44.66,239.15,0.65
TRUE,Calocedrus decrruens 1,vegetation,Tree,Calocedrus,decurrens,VH146,UCSB,Meerdink; Roberts; King; Roth; Dennison; Amaral; & Hook (2016). Linking seasonal foliar traits to VSWIR-TIR spectroscopy across California ecosystems. Remote Sensing of Environment; 186; 322-338.,1.08,49.39,12.18,12.57,53.8,253.45,0.7
TRUE,Pinus lambertiana 1,vegetation,Tree,Pinus,lambertiana,VH147,UCSB,Meerdink; Roberts; King; Roth; Dennison; Amaral; & Hook (2016). Linking seasonal foliar traits to VSWIR-TIR spectroscopy across California ecosystems. Remote Sensing of Environment; 186; 322-338.,0.75,43.32,16.9,9.59,50.22,216.08,0.51
TRUE,Pinus lambertiana 1,vegetation,Tree,Pinus,lambertiana,VH148,UCSB,Meerdink; Roberts; King; Roth; Dennison; Amaral; & Hook (2016). Linking seasonal foliar traits to VSWIR-TIR spectroscopy across California ecosystems. Remote Sensing of Environment; 186; 322-338.,0.93,46.21,17.76,9.38,49.29,254.8,0.63
TRUE,Abies concolor 1,vegetation,Tree,Abies,concolor,VH149,UCSB,Meerdink; Roberts; King; Roth; Dennison; Amaral; & Hook (2016). Linking seasonal foliar traits to VSWIR-TIR spectroscopy across California ecosystems. Remote Sensing of Environment; 186; 322-338.,0.86,48.89,12.32,9.97,49.17,296.52,0.64
TRUE,Abies concolor 1,vegetation,Tree,Abies,concolor,VH150,UCSB,Meerdink; Roberts; King; Roth; Dennison; Amaral; & Hook (2016). Linking seasonal foliar traits to VSWIR-TIR spectroscopy across California ecosystems. Remote Sensing of Environment; 186; 322-338.,0.98,48.36,14.63,10.92,54.94,258.64,0.68
TRUE,Calocedrus decrruens 2,vegetation,Tree,Calocedrus,decurrens,VH151,UCSB,Meerdink; Roberts; King; Roth; Dennison; Amaral; & Hook (2016). Linking seasonal foliar traits to VSWIR-TIR spectroscopy across California ecosystems. Remote Sensing of Environment; 186; 322-338.,0.86,51.35,13.42,12.4,45.82,266.1,0.45
TRUE,Calocedrus decrruens 2,vegetation,Tree,Calocedrus,decurrens,VH152,UCSB,Meerdink; Roberts; King; Roth; Dennison; Amaral; & Hook (2016). Linking seasonal foliar traits to VSWIR-TIR spectroscopy across California ecosystems. Remote Sensing of Environment; 186; 322-338.,1.14,49.67,14.82,13.31,56.07,212.21,0.43
TRUE,Pinus ponderosa 1,vegetation,Tree,Pinus,ponderosa,VH153,UCSB,Meerdink; Roberts; King; Roth; Dennison; Amaral; & Hook (2016). Linking seasonal foliar traits to VSWIR-TIR spectroscopy across California ecosystems. Remote Sensing of Environment; 186; 322-338.,0.94,50.16,22.51,12.7,52.04,267.13,0.64
TRUE,Pinus ponderosa 1,vegetation,Tree,Pinus,ponderosa,VH154,UCSB,Meerdink; Roberts; King; Roth; Dennison; Amaral; & Hook (2016). Linking seasonal foliar traits to VSWIR-TIR spectroscopy across California ecosystems. Remote Sensing of Environment; 186; 322-338.,1.39,49.79,24.94,12.17,71.38,136.79,0.62
TRUE,Calocedrus decrruens 3,vegetation,Tree,Calocedrus,decurrens,VH155,UCSB,Meerdink; Roberts; King; Roth; Dennison; Amaral; & Hook (2016). Linking seasonal foliar traits to VSWIR-TIR spectroscopy across California ecosystems. Remote Sensing of Environment; 186; 322-338.,0.93,49.24,10.89,10.88,44.94,231.97,0.51
TRUE,Calocedrus decrruens 3,vegetation,Tree,Calocedrus,decurrens,VH156,UCSB,Meerdink; Roberts; King; Roth; Dennison; Amaral; & Hook (2016). Linking seasonal foliar traits to VSWIR-TIR spectroscopy across California ecosystems. Remote Sensing of Environment; 186; 322-338.,1.1,48.95,11.93,12.04,54.43,258.53,0.61
TRUE,Pinus ponderosa 2,vegetation,Tree,Pinus,ponderosa,VH157,UCSB,Meerdink; Roberts; King; Roth; Dennison; Amaral; & Hook (2016). Linking seasonal foliar traits to VSWIR-TIR spectroscopy across California ecosystems. Remote Sensing of Environment; 186; 322-338.,1.14,50.33,20.43,13.05,42.62,313.47,0.74
TRUE,Pinus ponderosa 2,vegetation,Tree,Pinus,ponderosa,VH158,UCSB,Meerdink; Roberts; King; Roth; Dennison; Amaral; & Hook (2016). Linking seasonal foliar traits to VSWIR-TIR spectroscopy across California ecosystems. Remote Sensing of Environment; 186; 322-338.,1.22,48.59,24.46,13.22,69.88,176.23,0.88
TRUE,Abies concolor 2,vegetation,Tree,Abies,concolor,VH159,UCSB,Meerdink; Roberts; King; Roth; Dennison; Amaral; & Hook (2016). Linking seasonal foliar traits to VSWIR-TIR spectroscopy across California ecosystems. Remote Sensing of Environment; 186; 322-338.,0.75,50.79,11.42,9.94,46.51,207.78,0.76
TRUE,Abies concolor 2,vegetation,Tree,Abies,concolor,VH160,UCSB,Meerdink; Roberts; King; Roth; Dennison; Amaral; & Hook (2016). Linking seasonal foliar traits to VSWIR-TIR spectroscopy across California ecosystems. Remote Sensing of Environment; 186; 322-338.,0.91,49.74,13.43,11.52,49.73,246.54,0.74
TRUE,Pinus lambertiana 2,vegetation,Tree,Pinus,lambertiana,VH161,UCSB,Meerdink; Roberts; King; Roth; Dennison; Amaral; & Hook (2016). Linking seasonal foliar traits to VSWIR-TIR spectroscopy across California ecosystems. Remote Sensing of Environment; 186; 322-338.,0.89,49.36,15.96,9.05,44.16,212.98,0.52
TRUE,Pinus lambertiana 2,vegetation,Tree,Pinus,lambertiana,VH162,UCSB,Meerdink; Roberts; King; Roth; Dennison; Amaral; & Hook (2016). Linking seasonal foliar traits to VSWIR-TIR spectroscopy across California ecosystems. Remote Sensing of Environment; 186; 322-338.,1.4,49.09,19.88,8.74,57.02,181.36,0.43
TRUE,Pinus ponderosa 3,vegetation,Tree,Pinus,ponderosa,VH163,UCSB,Meerdink; Roberts; King; Roth; Dennison; Amaral; & Hook (2016). Linking seasonal foliar traits to VSWIR-TIR spectroscopy across California ecosystems. Remote Sensing of Environment; 186; 322-338.,0.9,49.93,16.85,10.58,33.95,245.2,0.54
TRUE,Pinus ponderosa 3,vegetation,Tree,Pinus,ponderosa,VH164,UCSB,Meerdink; Roberts; King; Roth; Dennison; Amaral; & Hook (2016). Linking seasonal foliar traits to VSWIR-TIR spectroscopy across California ecosystems. Remote Sensing of Environment; 186; 322-338.,1.64,48.81,22.35,10.4,71.81,123.01,0.7
TRUE,Pinus lambertiana 3,vegetation,Tree,Pinus,lambertiana,VH165,UCSB,Meerdink; Roberts; King; Roth; Dennison; Amaral; & Hook (2016). Linking seasonal foliar traits to VSWIR-TIR spectroscopy across California ecosystems. Remote Sensing of Environment; 186; 322-338.,0.69,49.85,16.48,8.79,44.91,270.73,0.67
TRUE,Pinus lambertiana 3,vegetation,Tree,Pinus,lambertiana,VH166,UCSB,Meerdink; Roberts; King; Roth; Dennison; Amaral; & Hook (2016). Linking seasonal foliar traits to VSWIR-TIR spectroscopy across California ecosystems. Remote Sensing of Environment; 186; 322-338.,0.89,40.81,17.14,9.08,47.53,231.5,0.71
TRUE,Abies concolor 3,vegetation,Tree,Abies,concolor,VH167,UCSB,Meerdink; Roberts; King; Roth; Dennison; Amaral; & Hook (2016). Linking seasonal foliar traits to VSWIR-TIR spectroscopy across California ecosystems. Remote Sensing of Environment; 186; 322-338.,0.78,49.78,12.12,9.6,51.36,309.33,0.62
TRUE,Abies concolor 3,vegetation,Tree,Abies,concolor,VH168,UCSB,Meerdink; Roberts; King; Roth; Dennison; Amaral; & Hook (2016). Linking seasonal foliar traits to VSWIR-TIR spectroscopy across California ecosystems. Remote Sensing of Environment; 186; 322-338.,0.99,48.88,16.12,11.89,55.13,234.96,0.61
TRUE,Quercus douglasii 1,vegetation,Tree,Quercus,douglasii,VH169,UCSB,Meerdink; Roberts; King; Roth; Dennison; Amaral; & Hook (2016). Linking seasonal foliar traits to VSWIR-TIR spectroscopy across California ecosystems. Remote Sensing of Environment; 186; 322-338.,2.28,45.95,14.58,6.58,48.58,99.25,0.2
TRUE,Quercus douglasii 1,vegetation,Tree,Quercus,douglasii,VH170,UCSB,Meerdink; Roberts; King; Roth; Dennison; Amaral; & Hook (2016). Linking seasonal foliar traits to VSWIR-TIR spectroscopy across California ecosystems. Remote Sensing of Environment; 186; 322-338.,2.13,45.74,14.18,7.18,47.66,97.81,0.21
TRUE,Quercus agrifolia 1,vegetation,Tree,Quercus,agrifolia,VH171,UCSB,Meerdink; Roberts; King; Roth; Dennison; Amaral; & Hook (2016). Linking seasonal foliar traits to VSWIR-TIR spectroscopy across California ecosystems. Remote Sensing of Environment; 186; 322-338.,1.31,48.79,21.6,12.1,28.81,234.43,0.24
TRUE,Quercus agrifolia 1,vegetation,Tree,Quercus,agrifolia,VH172,UCSB,Meerdink; Roberts; King; Roth; Dennison; Amaral; & Hook (2016). Linking seasonal foliar traits to VSWIR-TIR spectroscopy across California ecosystems. Remote Sensing of Environment; 186; 322-338.,1.36,49.52,19.35,11.9,43.33,205.32,0.24
TRUE,Quercus douglasii 2,vegetation,Tree,Quercus,douglasii,VH173,UCSB,Meerdink; Roberts; King; Roth; Dennison; Amaral; & Hook (2016). Linking seasonal foliar traits to VSWIR-TIR spectroscopy across California ecosystems. Remote Sensing of Environment; 186; 322-338.,2.3,46.79,14.14,6.25,51.99,139.67,0.31
TRUE,Quercus douglasii 2,vegetation,Tree,Quercus,douglasii,VH174,UCSB,Meerdink; Roberts; King; Roth; Dennison; Amaral; & Hook (2016). Linking seasonal foliar traits to VSWIR-TIR spectroscopy across California ecosystems. Remote Sensing of Environment; 186; 322-338.,2.19,49.33,14.49,6.65,49.22,114.11,0.25
TRUE,Quercus agrifolia 2,vegetation,Tree,Quercus,agrifolia,VH175,UCSB,Meerdink; Roberts; King; Roth; Dennison; Amaral; & Hook (2016). Linking seasonal foliar traits to VSWIR-TIR spectroscopy across California ecosystems. Remote Sensing of Environment; 186; 322-338.,1.31,48.51,17.76,10.08,43.79,253.44,0.28
TRUE,Quercus agrifolia 2,vegetation,Tree,Quercus,agrifolia,VH176,UCSB,Meerdink; Roberts; King; Roth; Dennison; Amaral; & Hook (2016). Linking seasonal foliar traits to VSWIR-TIR spectroscopy across California ecosystems. Remote Sensing of Environment; 186; 322-338.,1.41,49.1,17.31,10.02,44.72,261.43,0.28
TRUE,Quercus douglasii 3,vegetation,Tree,Quercus,douglasii,VH177,UCSB,Meerdink; Roberts; King; Roth; Dennison; Amaral; & Hook (2016). Linking seasonal foliar traits to VSWIR-TIR spectroscopy across California ecosystems. Remote Sensing of Environment; 186; 322-338.,2.11,45.89,11.56,5.68,49.16,124.5,0.23
TRUE,Quercus douglasii 3,vegetation,Tree,Quercus,douglasii,VH178,UCSB,Meerdink; Roberts; King; Roth; Dennison; Amaral; & Hook (2016). Linking seasonal foliar traits to VSWIR-TIR spectroscopy across California ecosystems. Remote Sensing of Environment; 186; 322-338.,1.97,45.02,11.57,6.16,47.83,99.74,0.21
TRUE,Quercus agrifolia 3,vegetation,Tree,Quercus,agrifolia,VH179,UCSB,Meerdink; Roberts; King; Roth; Dennison; Amaral; & Hook (2016). Linking seasonal foliar traits to VSWIR-TIR spectroscopy across California ecosystems. Remote Sensing of Environment; 186; 322-338.,0.97,49.06,18.49,12.15,40.63,304.33,0.34
TRUE,Quercus agrifolia 3,vegetation,Tree,Quercus,agrifolia,VH180,UCSB,Meerdink; Roberts; King; Roth; Dennison; Amaral; & Hook (2016). Linking seasonal foliar traits to VSWIR-TIR spectroscopy across California ecosystems. Remote Sensing of Environment; 186; 322-338.,1.18,48.06,18.52,12.54,41.4,314.71,0.29
TRUE,Quercus lobata 1,vegetation,Tree,Quercus,lobata,VH181,UCSB,Meerdink; Roberts; King; Roth; Dennison; Amaral; & Hook (2016). Linking seasonal foliar traits to VSWIR-TIR spectroscopy across California ecosystems. Remote Sensing of Environment; 186; 322-338.,2.19,45.76,12.22,8.52,53.52,125.46,0.24
TRUE,Quercus lobata 1,vegetation,Tree,Quercus,lobata,VH182,UCSB,Meerdink; Roberts; King; Roth; Dennison; Amaral; & Hook (2016). Linking seasonal foliar traits to VSWIR-TIR spectroscopy across California ecosystems. Remote Sensing of Environment; 186; 322-338.,2.03,45.29,13.56,9.2,51.84,104,0.23
TRUE,Quercus lobata 2,vegetation,Tree,Quercus,lobata,VH183,UCSB,Meerdink; Roberts; King; Roth; Dennison; Amaral; & Hook (2016). Linking seasonal foliar traits to VSWIR-TIR spectroscopy across California ecosystems. Remote Sensing of Environment; 186; 322-338.,1.53,42.69,12.73,7.26,48.14,134.08,0.23
TRUE,Quercus lobata 2,vegetation,Tree,Quercus,lobata,VH184,UCSB,Meerdink; Roberts; King; Roth; Dennison; Amaral; & Hook (2016). Linking seasonal foliar traits to VSWIR-TIR spectroscopy across California ecosystems. Remote Sensing of Environment; 186; 322-338.,1.53,40.71,13.57,8.01,46.43,104.92,0.19
TRUE,Quercus lobata 3,vegetation,Tree,Quercus,lobata,VH185,UCSB,Meerdink; Roberts; King; Roth; Dennison; Amaral; & Hook (2016). Linking seasonal foliar traits to VSWIR-TIR spectroscopy across California ecosystems. Remote Sensing of Environment; 186; 322-338.,1.78,49.3,11.76,8.07,51.09,156.07,0.28
TRUE,Quercus lobata 3,vegetation,Tree,Quercus,lobata,VH186,UCSB,Meerdink; Roberts; King; Roth; Dennison; Amaral; & Hook (2016). Linking seasonal foliar traits to VSWIR-TIR spectroscopy across California ecosystems. Remote Sensing of Environment; 186; 322-338.,1.75,44.92,11.36,8.32,51.24,124.75,0.24
TRUE,Salvia leucophylla 1,vegetation,Shrub,Salvia,leucophylla,VH187,UCSB,Meerdink; Roberts; King; Roth; Dennison; Amaral; & Hook (2016). Linking seasonal foliar traits to VSWIR-TIR spectroscopy across California ecosystems. Remote Sensing of Environment; 186; 322-338.,1.24,50.82,10.19,11.36,33.33,116.81,0.23
TRUE,Salvia leucophylla 1,vegetation,Shrub,Salvia,leucophylla,VH188,UCSB,Meerdink; Roberts; King; Roth; Dennison; Amaral; & Hook (2016). Linking seasonal foliar traits to VSWIR-TIR spectroscopy across California ecosystems. Remote Sensing of Environment; 186; 322-338.,1.55,51.01,7.8,12.35,34.66,186.19,0.6
TRUE,Salvia leucophylla 2,vegetation,Shrub,Salvia,leucophylla,VH189,UCSB,Meerdink; Roberts; King; Roth; Dennison; Amaral; & Hook (2016). Linking seasonal foliar traits to VSWIR-TIR spectroscopy across California ecosystems. Remote Sensing of Environment; 186; 322-338.,1.37,45.52,11.98,8.98,34.51,91.69,0.34
TRUE,Salvia leucophylla 2,vegetation,Shrub,Salvia,leucophylla,VH190,UCSB,Meerdink; Roberts; King; Roth; Dennison; Amaral; & Hook (2016). Linking seasonal foliar traits to VSWIR-TIR spectroscopy across California ecosystems. Remote Sensing of Environment; 186; 322-338.,1.61,49.99,NA,NA,0,166.63,0.37
TRUE,Salvia leucophylla 3,vegetation,Shrub,Salvia,leucophylla,VH191,UCSB,Meerdink; Roberts; King; Roth; Dennison; Amaral; & Hook (2016). Linking seasonal foliar traits to VSWIR-TIR spectroscopy across California ecosystems. Remote Sensing of Environment; 186; 322-338.,0.79,47.62,10.18,10.08,28.63,126.58,0.2
TRUE,Salvia leucophylla 3,vegetation,Shrub,Salvia,leucophylla,VH192,UCSB,Meerdink; Roberts; King; Roth; Dennison; Amaral; & Hook (2016). Linking seasonal foliar traits to VSWIR-TIR spectroscopy across California ecosystems. Remote Sensing of Environment; 186; 322-338.,1.76,51.62,7.74,12.67,34.84,200.38,0.25
TRUE,Baccharis pilularis 1,vegetation,Shrub,Baccharis,pilularis,VH193,UCSB,Meerdink; Roberts; King; Roth; Dennison; Amaral; & Hook (2016). Linking seasonal foliar traits to VSWIR-TIR spectroscopy across California ecosystems. Remote Sensing of Environment; 186; 322-338.,2.21,54.12,6.93,9.41,66.95,48.63,0.39
TRUE,Baccharis pilularis 1,vegetation,Shrub,Baccharis,pilularis,VH194,UCSB,Meerdink; Roberts; King; Roth; Dennison; Amaral; & Hook (2016). Linking seasonal foliar traits to VSWIR-TIR spectroscopy across California ecosystems. Remote Sensing of Environment; 186; 322-338.,2.15,48.92,NA,NA,64.24,56.16,0.31
TRUE,Baccharis pilularis 2,vegetation,Shrub,Baccharis,pilularis,VH195,UCSB,Meerdink; Roberts; King; Roth; Dennison; Amaral; & Hook (2016). Linking seasonal foliar traits to VSWIR-TIR spectroscopy across California ecosystems. Remote Sensing of Environment; 186; 322-338.,2.3,51.06,7.73,7.52,63.76,64.72,0.29
TRUE,Baccharis pilularis 2,vegetation,Shrub,Baccharis,pilularis,VH196,UCSB,Meerdink; Roberts; King; Roth; Dennison; Amaral; & Hook (2016). Linking seasonal foliar traits to VSWIR-TIR spectroscopy across California ecosystems. Remote Sensing of Environment; 186; 322-338.,0.96,59.31,NA,NA,61.47,46.79,0.25
TRUE,Baccharis pilularis 3,vegetation,Shrub,Baccharis,pilularis,VH197,UCSB,Meerdink; Roberts; King; Roth; Dennison; Amaral; & Hook (2016). Linking seasonal foliar traits to VSWIR-TIR spectroscopy across California ecosystems. Remote Sensing of Environment; 186; 322-338.,2.33,52.71,9.06,11.55,55,50.18,0.35
TRUE,Baccharis pilularis 3,vegetation,Shrub,Baccharis,pilularis,VH198,UCSB,Meerdink; Roberts; King; Roth; Dennison; Amaral; & Hook (2016). Linking seasonal foliar traits to VSWIR-TIR spectroscopy across California ecosystems. Remote Sensing of Environment; 186; 322-338.,2.47,53.97,NA,NA,56.67,57.38,0.4
TRUE,Ceanothus spinosus 1,vegetation,Shrub,Ceanothus,spinosus,VH199,UCSB,Meerdink; Roberts; King; Roth; Dennison; Amaral; & Hook (2016). Linking seasonal foliar traits to VSWIR-TIR spectroscopy across California ecosystems. Remote Sensing of Environment; 186; 322-338.,1.52,35.66,NA,NA,40.97,81.03,0.24
TRUE,Ceanothus spinosus 1,vegetation,Shrub,Ceanothus,spinosus,VH200,UCSB,Meerdink; Roberts; King; Roth; Dennison; Amaral; & Hook (2016). Linking seasonal foliar traits to VSWIR-TIR spectroscopy across California ecosystems. Remote Sensing of Environment; 186; 322-338.,1.71,42.06,NA,NA,42.54,64.94,0.23
TRUE,Ceanothus spinosus 2,vegetation,Shrub,Ceanothus,spinosus,VH201,UCSB,Meerdink; Roberts; King; Roth; Dennison; Amaral; & Hook (2016). Linking seasonal foliar traits to VSWIR-TIR spectroscopy across California ecosystems. Remote Sensing of Environment; 186; 322-338.,1.51,38.7,4.78,3.56,45.16,145.12,0.29
TRUE,Ceanothus spinosus 2,vegetation,Shrub,Ceanothus,spinosus,VH202,UCSB,Meerdink; Roberts; King; Roth; Dennison; Amaral; & Hook (2016). Linking seasonal foliar traits to VSWIR-TIR spectroscopy across California ecosystems. Remote Sensing of Environment; 186; 322-338.,1.47,45.06,NA,NA,45.06,114.53,0.29
TRUE,Ceanothus spinosus 3,vegetation,Shrub,Ceanothus,spinosus,VH203,UCSB,Meerdink; Roberts; King; Roth; Dennison; Amaral; & Hook (2016). Linking seasonal foliar traits to VSWIR-TIR spectroscopy across California ecosystems. Remote Sensing of Environment; 186; 322-338.,1.69,45.06,5.17,4,43.3,107.42,0.25
TRUE,Ceanothus spinosus 3,vegetation,Shrub,Ceanothus,spinosus,VH204,UCSB,Meerdink; Roberts; King; Roth; Dennison; Amaral; & Hook (2016). Linking seasonal foliar traits to VSWIR-TIR spectroscopy across California ecosystems. Remote Sensing of Environment; 186; 322-338.,1.64,36.87,4.98,3.97,43.96,90.62,0.24
TRUE,Heteromeles arbutifolia 1,vegetation,Shrub,Heteromeles,arbutifolia,VH205,UCSB,Meerdink; Roberts; King; Roth; Dennison; Amaral; & Hook (2016). Linking seasonal foliar traits to VSWIR-TIR spectroscopy across California ecosystems. Remote Sensing of Environment; 186; 322-338.,1.48,51.35,8.91,9.49,49.96,207.1,0.52
TRUE,Heteromeles arbutifolia 1,vegetation,Shrub,Heteromeles,arbutifolia,VH206,UCSB,Meerdink; Roberts; King; Roth; Dennison; Amaral; & Hook (2016). Linking seasonal foliar traits to VSWIR-TIR spectroscopy across California ecosystems. Remote Sensing of Environment; 186; 322-338.,1.61,47.21,9.33,7.05,47.41,203.22,0.48
TRUE,Heteromeles arbutifolia 2,vegetation,Shrub,Heteromeles,arbutifolia,VH207,UCSB,Meerdink; Roberts; King; Roth; Dennison; Amaral; & Hook (2016). Linking seasonal foliar traits to VSWIR-TIR spectroscopy across California ecosystems. Remote Sensing of Environment; 186; 322-338.,1.3,49.32,NA,NA,53.49,157.76,0.5
TRUE,Heteromeles arbutifolia 2,vegetation,Shrub,Heteromeles,arbutifolia,VH208,UCSB,Meerdink; Roberts; King; Roth; Dennison; Amaral; & Hook (2016). Linking seasonal foliar traits to VSWIR-TIR spectroscopy across California ecosystems. Remote Sensing of Environment; 186; 322-338.,1.07,42.1,12,9.31,52.16,173.99,0.39
TRUE,Heteromeles arbutifolia 3,vegetation,Shrub,Heteromeles,arbutifolia,VH209,UCSB,Meerdink; Roberts; King; Roth; Dennison; Amaral; & Hook (2016). Linking seasonal foliar traits to VSWIR-TIR spectroscopy across California ecosystems. Remote Sensing of Environment; 186; 322-338.,1.1,45.04,NA,NA,48.71,180.19,0.49
TRUE,Heteromeles arbutifolia 3,vegetation,Shrub,Heteromeles,arbutifolia,VH210,UCSB,Meerdink; Roberts; King; Roth; Dennison; Amaral; & Hook (2016). Linking seasonal foliar traits to VSWIR-TIR spectroscopy across California ecosystems. Remote Sensing of Environment; 186; 322-338.,1.1,49.47,10.06,9.11,47.41,179.03,0.37
TRUE,Ceanothus megacarpus 1,vegetation,Shrub,Ceanothus,megacarpus,VH211,UCSB,Meerdink; Roberts; King; Roth; Dennison; Amaral; & Hook (2016). Linking seasonal foliar traits to VSWIR-TIR spectroscopy across California ecosystems. Remote Sensing of Environment; 186; 322-338.,1.3,40.75,5.63,5.47,37.33,221.69,0.6
TRUE,Ceanothus megacarpus 1,vegetation,Shrub,Ceanothus,megacarpus,VH212,UCSB,Meerdink; Roberts; King; Roth; Dennison; Amaral; & Hook (2016). Linking seasonal foliar traits to VSWIR-TIR spectroscopy across California ecosystems. Remote Sensing of Environment; 186; 322-338.,0.91,44.11,5.49,6.55,35.76,246.99,0.57
TRUE,Ceanothus megacarpus 2,vegetation,Shrub,Ceanothus,megacarpus,VH213,UCSB,Meerdink; Roberts; King; Roth; Dennison; Amaral; & Hook (2016). Linking seasonal foliar traits to VSWIR-TIR spectroscopy across California ecosystems. Remote Sensing of Environment; 186; 322-338.,1.34,41.04,6.56,6.37,36.44,229.69,0.63
TRUE,Ceanothus megacarpus 2,vegetation,Shrub,Ceanothus,megacarpus,VH214,UCSB,Meerdink; Roberts; King; Roth; Dennison; Amaral; & Hook (2016). Linking seasonal foliar traits to VSWIR-TIR spectroscopy across California ecosystems. Remote Sensing of Environment; 186; 322-338.,1.11,36.53,NA,NA,35.94,248.71,0.58
TRUE,Ceanothus megacarpus 3,vegetation,Shrub,Ceanothus,megacarpus,VH215,UCSB,Meerdink; Roberts; King; Roth; Dennison; Amaral; & Hook (2016). Linking seasonal foliar traits to VSWIR-TIR spectroscopy across California ecosystems. Remote Sensing of Environment; 186; 322-338.,1.04,36.81,4.92,5.03,38.1,241.99,0.55
TRUE,Ceanothus megacarpus 3,vegetation,Shrub,Ceanothus,megacarpus,VH216,UCSB,Meerdink; Roberts; King; Roth; Dennison; Amaral; & Hook (2016). Linking seasonal foliar traits to VSWIR-TIR spectroscopy across California ecosystems. Remote Sensing of Environment; 186; 322-338.,1.01,49.33,NA,NA,39.86,269.28,0.74
TRUE,Adenostoma fasciculatum 1,vegetation,Shrub,Adenostoma,fasciculatum,VH217,UCSB,Meerdink; Roberts; King; Roth; Dennison; Amaral; & Hook (2016). Linking seasonal foliar traits to VSWIR-TIR spectroscopy across California ecosystems. Remote Sensing of Environment; 186; 322-338.,0.48,31.99,NA,NA,42.14,NA,0.59
TRUE,Adenostoma fasciculatum 1,vegetation,Shrub,Adenostoma,fasciculatum,VH218,UCSB,Meerdink; Roberts; King; Roth; Dennison; Amaral; & Hook (2016). Linking seasonal foliar traits to VSWIR-TIR spectroscopy across California ecosystems. Remote Sensing of Environment; 186; 322-338.,1.08,53.79,NA,NA,40.64,NA,0.59
TRUE,Adenostoma fasciculatum 2,vegetation,Shrub,Adenostoma,fasciculatum,VH219,UCSB,Meerdink; Roberts; King; Roth; Dennison; Amaral; & Hook (2016). Linking seasonal foliar traits to VSWIR-TIR spectroscopy across California ecosystems. Remote Sensing of Environment; 186; 322-338.,0.73,51.27,NA,NA,41.3,NA,0.74
TRUE,Adenostoma fasciculatum 2,vegetation,Shrub,Adenostoma,fasciculatum,VH220,UCSB,Meerdink; Roberts; King; Roth; Dennison; Amaral; & Hook (2016). Linking seasonal foliar traits to VSWIR-TIR spectroscopy across California ecosystems. Remote Sensing of Environment; 186; 322-338.,0.95,52.47,9.9,11.57,40.96,NA,0.77
TRUE,Adenostoma fasciculatum 3,vegetation,Shrub,Adenostoma,fasciculatum,VH221,UCSB,Meerdink; Roberts; King; Roth; Dennison; Amaral; & Hook (2016). Linking seasonal foliar traits to VSWIR-TIR spectroscopy across California ecosystems. Remote Sensing of Environment; 186; 322-338.,0.95,46.9,NA,NA,39.03,NA,0.63
TRUE,Adenostoma fasciculatum 3,vegetation,Shrub,Adenostoma,fasciculatum,VH222,UCSB,Meerdink; Roberts; King; Roth; Dennison; Amaral; & Hook (2016). Linking seasonal foliar traits to VSWIR-TIR spectroscopy across California ecosystems. Remote Sensing of Environment; 186; 322-338.,0.9,50.03,8.82,11.72,36.14,NA,0.86
TRUE,Baccharis pilularis 1,vegetation,Shrub,Baccharis,pilularis,VH223,UCSB,Meerdink; Roberts; King; Roth; Dennison; Amaral; & Hook (2016). Linking seasonal foliar traits to VSWIR-TIR spectroscopy across California ecosystems. Remote Sensing of Environment; 186; 322-338.,1.41,43.85,7.11,12.36,45.61,208.93,0.67
TRUE,Baccharis pilularis 1,vegetation,Shrub,Baccharis,pilularis,VH224,UCSB,Meerdink; Roberts; King; Roth; Dennison; Amaral; & Hook (2016). Linking seasonal foliar traits to VSWIR-TIR spectroscopy across California ecosystems. Remote Sensing of Environment; 186; 322-338.,1.37,49.05,7.59,11.02,47.77,185.43,0.53
TRUE,Arctostaphylos glandulosa 3,vegetation,Shrub,Arctostaphylos,glandulosa,VH225,UCSB,Meerdink; Roberts; King; Roth; Dennison; Amaral; & Hook (2016). Linking seasonal foliar traits to VSWIR-TIR spectroscopy across California ecosystems. Remote Sensing of Environment; 186; 322-338.,0.68,55.13,8.11,13.71,41.07,199.17,0.5
TRUE,Arctostaphylos glandulosa 3,vegetation,Shrub,Arctostaphylos,glandulosa,VH226,UCSB,Meerdink; Roberts; King; Roth; Dennison; Amaral; & Hook (2016). Linking seasonal foliar traits to VSWIR-TIR spectroscopy across California ecosystems. Remote Sensing of Environment; 186; 322-338.,0.65,46,NA,NA,42.98,280.48,0.6
TRUE,Arctostaphylos glandulosa 2,vegetation,Shrub,Arctostaphylos,glandulosa,VH227,UCSB,Meerdink; Roberts; King; Roth; Dennison; Amaral; & Hook (2016). Linking seasonal foliar traits to VSWIR-TIR spectroscopy across California ecosystems. Remote Sensing of Environment; 186; 322-338.,0.69,47.28,7.41,10.18,42.07,231.98,0.53
TRUE,Arctostaphylos glandulosa 2,vegetation,Shrub,Arctostaphylos,glandulosa,VH228,UCSB,Meerdink; Roberts; King; Roth; Dennison; Amaral; & Hook (2016). Linking seasonal foliar traits to VSWIR-TIR spectroscopy across California ecosystems. Remote Sensing of Environment; 186; 322-338.,0.81,51.41,6.51,9.56,43.57,308.14,0.76
TRUE,Arctostaphylos glandulosa 1,vegetation,Shrub,Arctostaphylos,glandulosa,VH229,UCSB,Meerdink; Roberts; King; Roth; Dennison; Amaral; & Hook (2016). Linking seasonal foliar traits to VSWIR-TIR spectroscopy across California ecosystems. Remote Sensing of Environment; 186; 322-338.,0.48,46.57,5.75,10.55,40.16,228.14,0.63
TRUE,Arctostaphylos glandulosa 1,vegetation,Shrub,Arctostaphylos,glandulosa,VH230,UCSB,Meerdink; Roberts; King; Roth; Dennison; Amaral; & Hook (2016). Linking seasonal foliar traits to VSWIR-TIR spectroscopy across California ecosystems. Remote Sensing of Environment; 186; 322-338.,0.6,43.95,NA,NA,40.32,291.63,0.63
TRUE,Baccharis pilularis 2,vegetation,Shrub,Baccharis,pilularis,VH231,UCSB,Meerdink; Roberts; King; Roth; Dennison; Amaral; & Hook (2016). Linking seasonal foliar traits to VSWIR-TIR spectroscopy across California ecosystems. Remote Sensing of Environment; 186; 322-338.,1.7,45.94,9.74,19.67,45.62,190.87,0.49
TRUE,Baccharis pilularis 2,vegetation,Shrub,Baccharis,pilularis,VH232,UCSB,Meerdink; Roberts; King; Roth; Dennison; Amaral; & Hook (2016). Linking seasonal foliar traits to VSWIR-TIR spectroscopy across California ecosystems. Remote Sensing of Environment; 186; 322-338.,1.85,49.96,8.5,17.06,44.88,191.34,0.54
TRUE,Baccharis pilularis 3,vegetation,Shrub,Baccharis,pilularis,VH233,UCSB,Meerdink; Roberts; King; Roth; Dennison; Amaral; & Hook (2016). Linking seasonal foliar traits to VSWIR-TIR spectroscopy across California ecosystems. Remote Sensing of Environment; 186; 322-338.,1.57,54.04,10.79,22.41,41.72,181.51,0.45
TRUE,Baccharis pilularis 3,vegetation,Shrub,Baccharis,pilularis,VH234,UCSB,Meerdink; Roberts; King; Roth; Dennison; Amaral; & Hook (2016). Linking seasonal foliar traits to VSWIR-TIR spectroscopy across California ecosystems. Remote Sensing of Environment; 186; 322-338.,1.63,47.18,9.71,22.51,41.84,167.32,0.5
TRUE,Umbellularia californica 1,vegetation,Shrub,Umbellularia,californica,VH235,UCSB,Meerdink; Roberts; King; Roth; Dennison; Amaral; & Hook (2016). Linking seasonal foliar traits to VSWIR-TIR spectroscopy across California ecosystems. Remote Sensing of Environment; 186; 322-338.,2.3,54.37,11.07,15.63,51.17,73.02,0.24
TRUE,Umbellularia californica 1,vegetation,Shrub,Umbellularia,californica,VH236,UCSB,Meerdink; Roberts; King; Roth; Dennison; Amaral; & Hook (2016). Linking seasonal foliar traits to VSWIR-TIR spectroscopy across California ecosystems. Remote Sensing of Environment; 186; 322-338.,1.45,53.36,11.01,11.2,50,97.54,0.24
TRUE,Umbellularia californica 2,vegetation,Shrub,Umbellularia,californica,VH237,UCSB,Meerdink; Roberts; King; Roth; Dennison; Amaral; & Hook (2016). Linking seasonal foliar traits to VSWIR-TIR spectroscopy across California ecosystems. Remote Sensing of Environment; 186; 322-338.,1.99,57.86,10.52,14.35,48.11,109.28,0.22
TRUE,Umbellularia californica 2,vegetation,Shrub,Umbellularia,californica,VH238,UCSB,Meerdink; Roberts; King; Roth; Dennison; Amaral; & Hook (2016). Linking seasonal foliar traits to VSWIR-TIR spectroscopy across California ecosystems. Remote Sensing of Environment; 186; 322-338.,1.43,52.29,10.73,11.66,48.34,122.45,0.24
TRUE,Umbellularia californica 3,vegetation,Shrub,Umbellularia,californica,VH239,UCSB,Meerdink; Roberts; King; Roth; Dennison; Amaral; & Hook (2016). Linking seasonal foliar traits to VSWIR-TIR spectroscopy across California ecosystems. Remote Sensing of Environment; 186; 322-338.,1.51,43.92,11.27,12.79,48.21,96.12,0.22
TRUE,Umbellularia californica 3,vegetation,Shrub,Umbellularia,californica,VH240,UCSB,Meerdink; Roberts; King; Roth; Dennison; Amaral; & Hook (2016). Linking seasonal foliar traits to VSWIR-TIR spectroscopy across California ecosystems. Remote Sensing of Environment; 186; 322-338.,1.85,56.41,11.09,11.47,48.51,123.99,0.29
TRUE,Calocedrus decrruens 1,vegetation,Tree,Calocedrus,decurrens,VH241,UCSB,Meerdink; Roberts; King; Roth; Dennison; Amaral; & Hook (2016). Linking seasonal foliar traits to VSWIR-TIR spectroscopy across California ecosystems. Remote Sensing of Environment; 186; 322-338.,0.94,56.46,11.97,12.8,52.35,226.44,0.33
TRUE,Calocedrus decrruens 1,vegetation,Tree,Calocedrus,decurrens,VH242,UCSB,Meerdink; Roberts; King; Roth; Dennison; Amaral; & Hook (2016). Linking seasonal foliar traits to VSWIR-TIR spectroscopy across California ecosystems. Remote Sensing of Environment; 186; 322-338.,1.07,47.82,15.18,14.57,55.16,202.86,0.68
TRUE,Pinus lambertiana 1,vegetation,Tree,Pinus,lambertiana,VH243,UCSB,Meerdink; Roberts; King; Roth; Dennison; Amaral; & Hook (2016). Linking seasonal foliar traits to VSWIR-TIR spectroscopy across California ecosystems. Remote Sensing of Environment; 186; 322-338.,0.71,40.63,18.58,11.02,54.26,260.7,0.73
TRUE,Pinus lambertiana 1,vegetation,Tree,Pinus,lambertiana,VH244,UCSB,Meerdink; Roberts; King; Roth; Dennison; Amaral; & Hook (2016). Linking seasonal foliar traits to VSWIR-TIR spectroscopy across California ecosystems. Remote Sensing of Environment; 186; 322-338.,0.88,46.43,20,11.8,57.68,191.75,0.76
TRUE,Abies concolor 1,vegetation,Tree,Abies,concolor,VH245,UCSB,Meerdink; Roberts; King; Roth; Dennison; Amaral; & Hook (2016). Linking seasonal foliar traits to VSWIR-TIR spectroscopy across California ecosystems. Remote Sensing of Environment; 186; 322-338.,0.94,45.74,12.35,9.7,55.81,239.75,0.33
TRUE,Abies concolor 1,vegetation,Tree,Abies,concolor,VH246,UCSB,Meerdink; Roberts; King; Roth; Dennison; Amaral; & Hook (2016). Linking seasonal foliar traits to VSWIR-TIR spectroscopy across California ecosystems. Remote Sensing of Environment; 186; 322-338.,0.95,48.6,13.96,11.19,57.97,171.34,0.31
TRUE,Calocedrus decrruens 2,vegetation,Tree,Calocedrus,decurrens,VH247,UCSB,Meerdink; Roberts; King; Roth; Dennison; Amaral; & Hook (2016). Linking seasonal foliar traits to VSWIR-TIR spectroscopy across California ecosystems. Remote Sensing of Environment; 186; 322-338.,0.79,51.17,NA,NA,49.58,250.02,0.8
TRUE,Calocedrus decrruens 2,vegetation,Tree,Calocedrus,decurrens,VH248,UCSB,Meerdink; Roberts; King; Roth; Dennison; Amaral; & Hook (2016). Linking seasonal foliar traits to VSWIR-TIR spectroscopy across California ecosystems. Remote Sensing of Environment; 186; 322-338.,1.07,51.74,16.87,14.79,52.71,196.78,NA
TRUE,Pinus ponderosa 1,vegetation,Tree,Pinus,ponderosa,VH249,UCSB,Meerdink; Roberts; King; Roth; Dennison; Amaral; & Hook (2016). Linking seasonal foliar traits to VSWIR-TIR spectroscopy across California ecosystems. Remote Sensing of Environment; 186; 322-338.,0.68,45.01,NA,NA,52.11,206.93,0.79
TRUE,Pinus ponderosa 1,vegetation,Tree,Pinus,ponderosa,VH250,UCSB,Meerdink; Roberts; King; Roth; Dennison; Amaral; & Hook (2016). Linking seasonal foliar traits to VSWIR-TIR spectroscopy across California ecosystems. Remote Sensing of Environment; 186; 322-338.,0.85,45.56,24.57,14.04,54.28,191.34,2.59
TRUE,Calocedrus decrruens 3,vegetation,Tree,Calocedrus,decurrens,VH251,UCSB,Meerdink; Roberts; King; Roth; Dennison; Amaral; & Hook (2016). Linking seasonal foliar traits to VSWIR-TIR spectroscopy across California ecosystems. Remote Sensing of Environment; 186; 322-338.,0.78,45.75,13.52,14.03,52.91,281.01,0.27
TRUE,Calocedrus decrruens 3,vegetation,Tree,Calocedrus,decurrens,VH252,UCSB,Meerdink; Roberts; King; Roth; Dennison; Amaral; & Hook (2016). Linking seasonal foliar traits to VSWIR-TIR spectroscopy across California ecosystems. Remote Sensing of Environment; 186; 322-338.,NA,NA,13.61,13.55,53.33,261.32,0.6
TRUE,Calocedrus decrruens,non photosynthetic vegetation,flowers,Arctostaphylos,glandulosa,VH253,UCSB,Meerdink; Roberts; King; Roth; Dennison; Amaral; & Hook (2016). Linking seasonal foliar traits to VSWIR-TIR spectroscopy across California ecosystems. Remote Sensing of Environment; 186; 322-338.,1.03,50.02,NA,NA,54.12,NA,0.45
TRUE,Pinus ponderosa 2,vegetation,Tree,Pinus,ponderosa,VH254,UCSB,Meerdink; Roberts; King; Roth; Dennison; Amaral; & Hook (2016). Linking seasonal foliar traits to VSWIR-TIR spectroscopy across California ecosystems. Remote Sensing of Environment; 186; 322-338.,0.98,52.18,24.03,14.8,53.57,342.29,0.34
TRUE,Pinus ponderosa 2,vegetation,Tree,Pinus,ponderosa,VH255,UCSB,Meerdink; Roberts; King; Roth; Dennison; Amaral; & Hook (2016). Linking seasonal foliar traits to VSWIR-TIR spectroscopy across California ecosystems. Remote Sensing of Environment; 186; 322-338.,1.12,66.48,27.33,16.5,57.72,179.86,0.82
TRUE,Abies concolor 2,vegetation,Tree,Abies,concolor,VH256,UCSB,Meerdink; Roberts; King; Roth; Dennison; Amaral; & Hook (2016). Linking seasonal foliar traits to VSWIR-TIR spectroscopy across California ecosystems. Remote Sensing of Environment; 186; 322-338.,0.93,49.59,14.5,11.62,57.36,251.12,0.39
TRUE,Abies concolor 2,vegetation,Tree,Abies,concolor,VH257,UCSB,Meerdink; Roberts; King; Roth; Dennison; Amaral; & Hook (2016). Linking seasonal foliar traits to VSWIR-TIR spectroscopy across California ecosystems. Remote Sensing of Environment; 186; 322-338.,0.97,49.89,14,12.98,58.14,258.39,0.82
TRUE,Pinus lambertiana 2,vegetation,Tree,Pinus,lambertiana,VH258,UCSB,Meerdink; Roberts; King; Roth; Dennison; Amaral; & Hook (2016). Linking seasonal foliar traits to VSWIR-TIR spectroscopy across California ecosystems. Remote Sensing of Environment; 186; 322-338.,0.8,44.39,18.25,11.33,55.77,169.85,0.34
TRUE,Pinus lambertiana 2,vegetation,Tree,Pinus,lambertiana,VH259,UCSB,Meerdink; Roberts; King; Roth; Dennison; Amaral; & Hook (2016). Linking seasonal foliar traits to VSWIR-TIR spectroscopy across California ecosystems. Remote Sensing of Environment; 186; 322-338.,0.98,46.77,19.54,11.87,58.83,199.98,0.65
TRUE,Pinus ponderosa 3,vegetation,Tree,Pinus,ponderosa,VH260,UCSB,Meerdink; Roberts; King; Roth; Dennison; Amaral; & Hook (2016). Linking seasonal foliar traits to VSWIR-TIR spectroscopy across California ecosystems. Remote Sensing of Environment; 186; 322-338.,0.92,45.91,21.38,12.91,55.09,NA,0.68
TRUE,Pinus ponderosa 3,vegetation,Tree,Pinus,ponderosa,VH261,UCSB,Meerdink; Roberts; King; Roth; Dennison; Amaral; & Hook (2016). Linking seasonal foliar traits to VSWIR-TIR spectroscopy across California ecosystems. Remote Sensing of Environment; 186; 322-338.,1.08,45.91,NA,NA,56.98,147.06,0.75
TRUE,Pinus lambertiana 3,vegetation,Tree,Pinus,lambertiana,VH262,UCSB,Meerdink; Roberts; King; Roth; Dennison; Amaral; & Hook (2016). Linking seasonal foliar traits to VSWIR-TIR spectroscopy across California ecosystems. Remote Sensing of Environment; 186; 322-338.,0.74,40.91,19.29,10.94,54.55,NA,0.93
TRUE,Pinus lambertiana 3,vegetation,Tree,Pinus,lambertiana,VH263,UCSB,Meerdink; Roberts; King; Roth; Dennison; Amaral; & Hook (2016). Linking seasonal foliar traits to VSWIR-TIR spectroscopy across California ecosystems. Remote Sensing of Environment; 186; 322-338.,0.84,43.25,NA,NA,57.64,168.4,0.93
TRUE,Abies concolor 3,vegetation,Tree,Abies,concolor,VH264,UCSB,Meerdink; Roberts; King; Roth; Dennison; Amaral; & Hook (2016). Linking seasonal foliar traits to VSWIR-TIR spectroscopy across California ecosystems. Remote Sensing of Environment; 186; 322-338.,0.81,44.42,NA,NA,57.35,247.35,0.73
TRUE,Abies concolor 3,vegetation,Tree,Abies,concolor,VH265,UCSB,Meerdink; Roberts; King; Roth; Dennison; Amaral; & Hook (2016). Linking seasonal foliar traits to VSWIR-TIR spectroscopy across California ecosystems. Remote Sensing of Environment; 186; 322-338.,1.23,47.67,16.86,12.97,60.84,216.93,0.79
TRUE,Calocedrus decrruens,non photosynthetic vegetation,flowers,Arctostaphylos,glandulosa,VH266,UCSB,Meerdink; Roberts; King; Roth; Dennison; Amaral; & Hook (2016). Linking seasonal foliar traits to VSWIR-TIR spectroscopy across California ecosystems. Remote Sensing of Environment; 186; 322-338.,1.2,51.54,9.96,12.78,55.63,NA,0.28
TRUE,Calocedrus decrruens,non photosynthetic vegetation,flowers,Arctostaphylos,glandulosa,VH267,UCSB,Meerdink; Roberts; King; Roth; Dennison; Amaral; & Hook (2016). Linking seasonal foliar traits to VSWIR-TIR spectroscopy across California ecosystems. Remote Sensing of Environment; 186; 322-338.,0.95,50.55,NA,NA,55.2,NA,0.61
TRUE,Calocedrus decrruens,non photosynthetic vegetation,flowers,Arctostaphylos,glandulosa,VH268,UCSB,Meerdink; Roberts; King; Roth; Dennison; Amaral; & Hook (2016). Linking seasonal foliar traits to VSWIR-TIR spectroscopy across California ecosystems. Remote Sensing of Environment; 186; 322-338.,0.25,45.08,NA,NA,NA,NA,2.65
TRUE,Quercus douglasii 1,vegetation,Tree,Quercus,douglasii,VH269,UCSB,Meerdink; Roberts; King; Roth; Dennison; Amaral; & Hook (2016). Linking seasonal foliar traits to VSWIR-TIR spectroscopy across California ecosystems. Remote Sensing of Environment; 186; 322-338.,1.88,45.51,14.12,7,46.88,92.69,0.79
TRUE,Quercus douglasii 1,vegetation,Tree,Quercus,douglasii,VH270,UCSB,Meerdink; Roberts; King; Roth; Dennison; Amaral; & Hook (2016). Linking seasonal foliar traits to VSWIR-TIR spectroscopy across California ecosystems. Remote Sensing of Environment; 186; 322-338.,0.8,43.56,16.15,9.3,36.59,70.93,0.59
TRUE,Quercus agrifolia 1,vegetation,Tree,Quercus,agrifolia,VH271,UCSB,Meerdink; Roberts; King; Roth; Dennison; Amaral; & Hook (2016). Linking seasonal foliar traits to VSWIR-TIR spectroscopy across California ecosystems. Remote Sensing of Environment; 186; 322-338.,1.65,49.82,19.79,13.33,44.81,229.23,0.3
TRUE,Quercus agrifolia 1,vegetation,Tree,Quercus,agrifolia,VH272,UCSB,Meerdink; Roberts; King; Roth; Dennison; Amaral; & Hook (2016). Linking seasonal foliar traits to VSWIR-TIR spectroscopy across California ecosystems. Remote Sensing of Environment; 186; 322-338.,1.04,46.25,18.86,13.01,42.94,207.52,0.7
TRUE,Quercus douglasii 2,vegetation,Tree,Quercus,douglasii,VH273,UCSB,Meerdink; Roberts; King; Roth; Dennison; Amaral; & Hook (2016). Linking seasonal foliar traits to VSWIR-TIR spectroscopy across California ecosystems. Remote Sensing of Environment; 186; 322-338.,1.92,44.02,13.11,6.4,47.5,122.24,2.84
TRUE,Quercus douglasii 2,vegetation,Tree,Quercus,douglasii,VH274,UCSB,Meerdink; Roberts; King; Roth; Dennison; Amaral; & Hook (2016). Linking seasonal foliar traits to VSWIR-TIR spectroscopy across California ecosystems. Remote Sensing of Environment; 186; 322-338.,1.43,44.55,12.09,5.51,29.75,102.4,0.83
TRUE,Quercus agrifolia 2,vegetation,Tree,Quercus,agrifolia,VH275,UCSB,Meerdink; Roberts; King; Roth; Dennison; Amaral; & Hook (2016). Linking seasonal foliar traits to VSWIR-TIR spectroscopy across California ecosystems. Remote Sensing of Environment; 186; 322-338.,1.18,46.59,NA,NA,44.32,158.22,0.6
TRUE,Quercus agrifolia 2,vegetation,Tree,Quercus,agrifolia,VH276,UCSB,Meerdink; Roberts; King; Roth; Dennison; Amaral; & Hook (2016). Linking seasonal foliar traits to VSWIR-TIR spectroscopy across California ecosystems. Remote Sensing of Environment; 186; 322-338.,1.5,48.69,17.1,10.18,43.84,174.37,0.69
TRUE,Quercus douglasii 3,vegetation,Tree,Quercus,douglasii,VH277,UCSB,Meerdink; Roberts; King; Roth; Dennison; Amaral; & Hook (2016). Linking seasonal foliar traits to VSWIR-TIR spectroscopy across California ecosystems. Remote Sensing of Environment; 186; 322-338.,1.07,37.08,13.02,6.05,46.32,137.39,0.73
TRUE,Quercus douglasii 3,vegetation,Tree,Quercus,douglasii,VH278,UCSB,Meerdink; Roberts; King; Roth; Dennison; Amaral; & Hook (2016). Linking seasonal foliar traits to VSWIR-TIR spectroscopy across California ecosystems. Remote Sensing of Environment; 186; 322-338.,0.97,41.87,12.36,7.19,43.89,88.92,0.27
TRUE,Quercus agrifolia 3,vegetation,Tree,Quercus,agrifolia,VH279,UCSB,Meerdink; Roberts; King; Roth; Dennison; Amaral; & Hook (2016). Linking seasonal foliar traits to VSWIR-TIR spectroscopy across California ecosystems. Remote Sensing of Environment; 186; 322-338.,0.79,45.09,19.42,13.3,40.8,167.8,0.84
TRUE,Quercus agrifolia 3,vegetation,Tree,Quercus,agrifolia,VH280,UCSB,Meerdink; Roberts; King; Roth; Dennison; Amaral; & Hook (2016). Linking seasonal foliar traits to VSWIR-TIR spectroscopy across California ecosystems. Remote Sensing of Environment; 186; 322-338.,1.25,51.43,20.37,13.04,42.06,220.32,0.71
TRUE,Quercus lobata 1,vegetation,Tree,Quercus,lobata,VH281,UCSB,Meerdink; Roberts; King; Roth; Dennison; Amaral; & Hook (2016). Linking seasonal foliar traits to VSWIR-TIR spectroscopy across California ecosystems. Remote Sensing of Environment; 186; 322-338.,1.98,48.95,11.62,10.24,47.93,154.6,0.85
TRUE,Quercus lobata 1,vegetation,Tree,Quercus,lobata,VH282,UCSB,Meerdink; Roberts; King; Roth; Dennison; Amaral; & Hook (2016). Linking seasonal foliar traits to VSWIR-TIR spectroscopy across California ecosystems. Remote Sensing of Environment; 186; 322-338.,0.97,48.77,14.16,11.15,49.61,89.1,0.48
TRUE,Quercus lobata 2,vegetation,Tree,Quercus,lobata,VH283,UCSB,Meerdink; Roberts; King; Roth; Dennison; Amaral; & Hook (2016). Linking seasonal foliar traits to VSWIR-TIR spectroscopy across California ecosystems. Remote Sensing of Environment; 186; 322-338.,1.67,47.43,12.04,8.57,45.49,94.11,0.39
TRUE,Quercus lobata 2,vegetation,Tree,Quercus,lobata,VH284,UCSB,Meerdink; Roberts; King; Roth; Dennison; Amaral; & Hook (2016). Linking seasonal foliar traits to VSWIR-TIR spectroscopy across California ecosystems. Remote Sensing of Environment; 186; 322-338.,0.82,41.73,NA,NA,38,87.49,0.34
TRUE,Quercus lobata 3,vegetation,Tree,Quercus,lobata,VH285,UCSB,Meerdink; Roberts; King; Roth; Dennison; Amaral; & Hook (2016). Linking seasonal foliar traits to VSWIR-TIR spectroscopy across California ecosystems. Remote Sensing of Environment; 186; 322-338.,1.52,40.89,12.32,10.71,51.25,138.36,0.38
TRUE,Quercus lobata 3,vegetation,Tree,Quercus,lobata,VH286,UCSB,Meerdink; Roberts; King; Roth; Dennison; Amaral; & Hook (2016). Linking seasonal foliar traits to VSWIR-TIR spectroscopy across California ecosystems. Remote Sensing of Environment; 186; 322-338.,1.02,46.09,12.48,9.98,49.16,106.72,0.29
TRUE,Salvia leucophylla 1,vegetation,Shrub,Salvia,leucophylla,VH287,UCSB,Meerdink; Roberts; King; Roth; Dennison; Amaral; & Hook (2016). Linking seasonal foliar traits to VSWIR-TIR spectroscopy across California ecosystems. Remote Sensing of Environment; 186; 322-338.,1.92,52.5,NA,NA,20.95,97.82,0.25
TRUE,Salvia leucophylla 2,vegetation,Shrub,Salvia,leucophylla,VH288,UCSB,Meerdink; Roberts; King; Roth; Dennison; Amaral; & Hook (2016). Linking seasonal foliar traits to VSWIR-TIR spectroscopy across California ecosystems. Remote Sensing of Environment; 186; 322-338.,2.08,54.86,9.88,11.53,20.22,104.98,0.45
TRUE,Salvia leucophylla 3,vegetation,Shrub,Salvia,leucophylla,VH289,UCSB,Meerdink; Roberts; King; Roth; Dennison; Amaral; & Hook (2016). Linking seasonal foliar traits to VSWIR-TIR spectroscopy across California ecosystems. Remote Sensing of Environment; 186; 322-338.,2.01,54.61,10.01,12.45,23.29,92.81,0.86
TRUE,Salvia leucophylla 1,non photosynthetic vegetation,branches,Salvia,leucophylla,VH290,UCSB,Meerdink; Roberts; King; Roth; Dennison; Amaral; & Hook (2016). Linking seasonal foliar traits to VSWIR-TIR spectroscopy across California ecosystems. Remote Sensing of Environment; 186; 322-338.,NA,NA,38.55,11.98,10.12,NA,NA
TRUE,Salvia leucophylla 2,non photosynthetic vegetation,branches,Salvia,leucophylla,VH291,UCSB,Meerdink; Roberts; King; Roth; Dennison; Amaral; & Hook (2016). Linking seasonal foliar traits to VSWIR-TIR spectroscopy across California ecosystems. Remote Sensing of Environment; 186; 322-338.,NA,NA,39.36,12.9,11.33,NA,NA
TRUE,Salvia leucophylla 3,non photosynthetic vegetation,branches,Salvia,leucophylla,VH292,UCSB,Meerdink; Roberts; King; Roth; Dennison; Amaral; & Hook (2016). Linking seasonal foliar traits to VSWIR-TIR spectroscopy across California ecosystems. Remote Sensing of Environment; 186; 322-338.,NA,NA,40.88,14.96,8.27,NA,NA